model_entity_id,uniprot_ac
AF-0000000000000004,Q9TVL3
AF-0000000000000005,O00400
AF-0000000000000006,O64637
AF-0000000000000007,Q6GZX4
AF-0000000000000008,Q6GZX3
AF-0000000000000009,Q197F8
AF-0000000000000010,Q197F7
AF-0000000000000011,Q6GZX2
AF-0000000000000012,Q6GZX1
AF-0000000000000013,Q197F5
AF-0000000000000014,Q6GZX0
AF-0000000000000015,Q91G88
AF-0000000000000016,Q6GZW9
AF-0000000000000017,Q6GZW8
AF-0000000000000018,Q197F3
AF-0000000000000019,Q197F2
AF-0000000000000020,Q6GZW6
AF-0000000000000021,Q91G85
AF-0000000000000022,Q6GZW5
AF-0000000000000023,Q197E9
AF-0000000000000024,Q6GZW4
AF-0000000000000025,Q6GZW3
AF-0000000000000026,Q197E7
AF-0000000000000027,Q6GZW2
AF-0000000000000028,Q6GZW1
AF-0000000000000029,Q6GZW0
AF-0000000000000030,Q6GZV8
AF-0000000000000031,Q6GZV7
AF-0000000000000032,Q6GZV6
AF-0000000000000033,Q6GZV5
AF-0000000000000034,Q6GZV4
AF-0000000000000035,Q197D8
AF-0000000000000036,Q6GZV2
AF-0000000000000037,Q197D7
AF-0000000000000038,Q6GZV1
AF-0000000000000039,Q197D5
AF-0000000000000040,Q91G70
AF-0000000000000041,Q6GZU9
AF-0000000000000042,Q6GZU8
AF-0000000000000043,Q197D2
AF-0000000000000044,Q6GZU7
AF-0000000000000045,Q91G67
AF-0000000000000046,Q197D0
AF-0000000000000047,Q6GZU6
AF-0000000000000048,Q6GZU5
AF-0000000000000049,Q6GZU4
AF-0000000000000050,Q197C8
AF-0000000000000051,Q91G65
AF-0000000000000052,Q6GZU3
AF-0000000000000053,Q6GZU2
AF-0000000000000054,Q91G63
AF-0000000000000055,Q6GZU1
AF-0000000000000056,Q6GZU0
AF-0000000000000057,Q197C3
AF-0000000000000058,Q6GZT9
AF-0000000000000059,Q6GZT7
AF-0000000000000060,Q6GZT6
AF-0000000000000061,Q197C0
AF-0000000000000062,Q91G57
AF-0000000000000063,Q6GZT5
AF-0000000000000064,Q6GZT4
AF-0000000000000065,Q91G56
AF-0000000000000066,Q91G55
AF-0000000000000067,Q6GZT3
AF-0000000000000068,Q197B6
AF-0000000000000069,Q6GZN9
AF-0000000000000070,Q91G54
AF-0000000000000071,Q6GZT1
AF-0000000000000072,Q197B5
AF-0000000000000073,Q6GZT0
AF-0000000000000074,Q6GZS9
AF-0000000000000075,Q6GZS8
AF-0000000000000076,Q6GZS7
AF-0000000000000077,Q91G50
AF-0000000000000078,Q197B1
AF-0000000000000079,Q6GZS6
AF-0000000000000080,Q6GZS5
AF-0000000000000081,Q6GZS4
AF-0000000000000082,Q197A7
AF-0000000000000083,Q6GZS3
AF-0000000000000084,Q6GZS2
AF-0000000000000085,Q197A6
AF-0000000000000086,Q6GZS1
AF-0000000000000087,Q67475
AF-0000000000000088,Q6GZR9
AF-0000000000000089,O55703
AF-0000000000000090,Q197A3
AF-0000000000000091,Q6GZR8
AF-0000000000000092,Q6GZR7
AF-0000000000000093,Q6GZR6
AF-0000000000000094,O55704
AF-0000000000000095,Q6GZR4
AF-0000000000000096,O55705
AF-0000000000000097,Q196Z8
AF-0000000000000098,O55706
AF-0000000000000099,Q196Z6
AF-0000000000000100,Q6GZR1
AF-0000000000000101,Q6GZR0
AF-0000000000000102,Q91G40
AF-0000000000000103,Q6GZQ9
AF-0000000000000104,Q6GZQ7
AF-0000000000000105,O55709
AF-0000000000000106,Q6GZQ6
AF-0000000000000107,Q6GZQ5
AF-0000000000000108,O55710
AF-0000000000000109,Q6GZQ4
AF-0000000000000110,Q6GZQ3
AF-0000000000000111,Q196Y8
AF-0000000000000112,Q6GZQ2
AF-0000000000000113,Q196Y7
AF-0000000000000114,Q6GZQ1
AF-0000000000000115,Q6GZQ0
AF-0000000000000116,Q196Y5
AF-0000000000000117,Q6GZP9
AF-0000000000000118,Q6GZP8
AF-0000000000000119,Q196Y3
AF-0000000000000120,Q6GZP7
AF-0000000000000121,Q6GZP6
AF-0000000000000122,Q196Y0
AF-0000000000000123,Q196X9
AF-0000000000000124,Q6GZP4
AF-0000000000000125,Q196X8
AF-0000000000000126,O55713
AF-0000000000000127,O55714
AF-0000000000000128,O55715
AF-0000000000000129,Q6GZP1
AF-0000000000000130,Q6GZT2
AF-0000000000000131,Q6GZN8
AF-0000000000000132,Q6GZN7
AF-0000000000000133,Q196X1
AF-0000000000000134,Q6GZN6
AF-0000000000000135,Q6GZN3
AF-0000000000000136,Q196W8
AF-0000000000000137,Q6GZN2
AF-0000000000000138,Q6GZN1
AF-0000000000000139,O55717
AF-0000000000000140,Q196W5
AF-0000000000000141,O55718
AF-0000000000000142,Q6GZN0
AF-0000000000000143,O55719
AF-0000000000000144,Q6GZM9
AF-0000000000000145,Q6GZM8
AF-0000000000000146,Q6GZM7
AF-0000000000000147,P0C9F0
AF-0000000000000148,P0C9F1
AF-0000000000000149,P0C9F2
AF-0000000000000150,P0C9E9
AF-0000000000000151,Q65209
AF-0000000000000152,P0C9F4
AF-0000000000000153,P0C9F5
AF-0000000000000154,P0C9F6
AF-0000000000000155,P0C9F3
AF-0000000000000156,Q65210
AF-0000000000000157,P0C9F8
AF-0000000000000158,P0C9F9
AF-0000000000000159,P0C9G0
AF-0000000000000160,P0C9F7
AF-0000000000000161,O55722
AF-0000000000000162,Q196V8
AF-0000000000000163,Q196V7
AF-0000000000000164,Q4U9M9
AF-0000000000000165,P15711
AF-0000000000000166,O55723
AF-0000000000000167,A9CBA2
AF-0000000000000168,O55724
AF-0000000000000169,O55725
AF-0000000000000170,Q196V2
AF-0000000000000171,Q43495
AF-0000000000000172,Q60888
AF-0000000000000173,Q8VBW9
AF-0000000000000174,Q6V4H0
AF-0000000000000175,P0DO85
AF-0000000000000176,Q60885
AF-0000000000000177,P0C9J4
AF-0000000000000178,P26704
AF-0000000000000179,P0C9J5
AF-0000000000000180,P0C9J6
AF-0000000000000181,P0C9J2
AF-0000000000000182,P0C9J8
AF-0000000000000183,P0C9J9
AF-0000000000000184,P26702
AF-0000000000000185,P0C9K1
AF-0000000000000186,P0C9K0
AF-0000000000000187,P0C9K2
AF-0000000000000188,P26706
AF-0000000000000189,P0C9K3
AF-0000000000000190,P26703
AF-0000000000000191,P0C9J7
AF-0000000000000192,P0C9J3
AF-0000000000000193,P18560
AF-0000000000000194,P0C9G2
AF-0000000000000195,P0C9G3
AF-0000000000000196,P0C9G4
AF-0000000000000197,A9JLI2
AF-0000000000000198,P0C9G1
AF-0000000000000199,P18559
AF-0000000000000200,P0C9G6
AF-0000000000000201,P0C9G7
AF-0000000000000202,P0C9G8
AF-0000000000000203,A9JLI3
AF-0000000000000204,P0C9G5
AF-0000000000000205,P0C9G9
AF-0000000000000206,P26708
AF-0000000000000207,P18558
AF-0000000000000208,P0C9H1
AF-0000000000000209,P26707
AF-0000000000000210,P0C9H2
AF-0000000000000211,P0C9H3
AF-0000000000000212,A9JLI5
AF-0000000000000213,P0C9H0
AF-0000000000000214,P18557
AF-0000000000000215,P26705
AF-0000000000000216,P0C9H5
AF-0000000000000217,P0C9H6
AF-0000000000000218,A9JLI7
AF-0000000000000219,P0C9H4
AF-0000000000000220,P68744
AF-0000000000000221,P0C9H8
AF-0000000000000222,P68745
AF-0000000000000223,P0C9H9
AF-0000000000000224,P0C9I0
AF-0000000000000225,P0C9H7
AF-0000000000000226,P0C9I2
AF-0000000000000227,P26709
AF-0000000000000228,P0C9I3
AF-0000000000000229,P0C9I4
AF-0000000000000230,P0C9I1
AF-0000000000000231,P0C9I6
AF-0000000000000232,P0C9I7
AF-0000000000000233,P0C9I8
AF-0000000000000234,P0C9I5
AF-0000000000000235,P0C9J0
AF-0000000000000236,P26710
AF-0000000000000237,P0C9J1
AF-0000000000000238,P0C9I9
AF-0000000000000239,P13813
AF-0000000000000240,Q196V0
AF-0000000000000241,O55726
AF-0000000000000242,O55727
AF-0000000000000243,O55728
AF-0000000000000244,Q196U6
AF-0000000000000245,O55731
AF-0000000000000246,Q196U4
AF-0000000000000247,Q196U3
AF-0000000000000248,Q196U2
AF-0000000000000249,Q196U1
AF-0000000000000250,P0DO87
AF-0000000000000251,P0DJZ0
AF-0000000000000252,B5KVH4
AF-0000000000000253,C0HLM8
AF-0000000000000254,C0HLR7
AF-0000000000000255,C0HLM9
AF-0000000000000256,Q9XHP0
AF-0000000000000257,P19084
AF-0000000000000258,P13744
AF-0000000000000259,O55734
AF-0000000000000260,O55735
AF-0000000000000261,Q196T8
AF-0000000000000262,O55736
AF-0000000000000263,Q196T7
AF-0000000000000264,O55737
AF-0000000000000265,Q196T6
AF-0000000000000266,Q196T5
AF-0000000000000267,Q196T4
AF-0000000000000268,O55738
AF-0000000000000269,O55739
AF-0000000000000270,P32234
AF-0000000000000271,P21215
AF-0000000000000272,Q05349
AF-0000000000000273,P80438
AF-0000000000000274,Q92AT0
AF-0000000000000275,Q8GBW6
AF-0000000000000276,O55740
AF-0000000000000277,O55741
AF-0000000000000278,Q91G04
AF-0000000000000279,O55743
AF-0000000000000280,O55744
AF-0000000000000281,O55745
AF-0000000000000282,P83011
AF-0000000000000283,P83010
AF-0000000000000284,O23878
AF-0000000000000285,O23880
AF-0000000000000286,Q9XFM4
AF-0000000000000287,P83004
AF-0000000000000288,A9NJG2
AF-0000000000000289,O55746
AF-0000000000000290,O55747
AF-0000000000000291,P48347
AF-0000000000000292,P93207
AF-0000000000000293,Q9S9Z8
AF-0000000000000294,Q9C5W6
AF-0000000000000295,P42643
AF-0000000000000296,P41932
AF-0000000000000297,Q9U408
AF-0000000000000298,Q24902
AF-0000000000000299,P42648
AF-0000000000000300,P49106
AF-0000000000000301,Q84J55
AF-0000000000000302,P85938
AF-0000000000000303,Q26540
AF-0000000000000304,P93206
AF-0000000000000305,Q41418
AF-0000000000000306,Q01525
AF-0000000000000307,Q20655
AF-0000000000000308,Q8MUA4
AF-0000000000000309,Q8MM75
AF-0000000000000310,P42649
AF-0000000000000311,Q01526
AF-0000000000000312,Q7XTE8
AF-0000000000000313,P85939
AF-0000000000000314,Q26537
AF-0000000000000315,P93208
AF-0000000000000316,Q43643
AF-0000000000000317,P42644
AF-0000000000000318,P42650
AF-0000000000000319,Q6ZKC0
AF-0000000000000320,P85941
AF-0000000000000321,P93209
AF-0000000000000322,P46077
AF-0000000000000323,Q2R2W2
AF-0000000000000324,P85942
AF-0000000000000325,P42652
AF-0000000000000326,P42645
AF-0000000000000327,Q6EUP4
AF-0000000000000328,P93210
AF-0000000000000329,P93784
AF-0000000000000330,P48349
AF-0000000000000331,Q06967
AF-0000000000000332,P93211
AF-0000000000000333,Q96300
AF-0000000000000334,Q5QNB8
AF-0000000000000335,P93212
AF-0000000000000336,P48348
AF-0000000000000337,Q2R1D5
AF-0000000000000338,P93213
AF-0000000000000339,Q96299
AF-0000000000000340,P93214
AF-0000000000000341,P29305
AF-0000000000000342,Q96450
AF-0000000000000343,P93342
AF-0000000000000344,P42653
AF-0000000000000345,P68250
AF-0000000000000346,Q5ZLQ6
AF-0000000000000347,Q43470
AF-0000000000000348,P31946
AF-0000000000000349,Q4R572
AF-0000000000000350,Q9CQV8
AF-0000000000000351,A4K2U9
AF-0000000000000352,P35213
AF-0000000000000353,P68251
AF-0000000000000354,Q96451
AF-0000000000000355,O49995
AF-0000000000000356,P42654
AF-0000000000000357,Q5XGC8
AF-0000000000000358,Q96452
AF-0000000000000359,P93343
AF-0000000000000360,Q96453
AF-0000000000000361,O49996
AF-0000000000000362,P62261
AF-0000000000000363,Q5ZMT0
AF-0000000000000364,P92177
AF-0000000000000365,P62258
AF-0000000000000366,P62259
AF-0000000000000367,P62260
AF-0000000000000368,P62262
AF-0000000000000369,O49997
AF-0000000000000370,P68509
AF-0000000000000371,Q04917
AF-0000000000000372,P68510
AF-0000000000000373,P68511
AF-0000000000000374,O49998
AF-0000000000000375,P68252
AF-0000000000000376,Q5F3W6
AF-0000000000000377,P61981
AF-0000000000000378,P61982
AF-0000000000000379,Q5RC20
AF-0000000000000380,P61983
AF-0000000000000381,P68253
AF-0000000000000382,C0H4V6
AF-0000000000000383,Q0VC36
AF-0000000000000384,P31947
AF-0000000000000385,O70456
AF-0000000000000386,O77642
AF-0000000000000387,Q3SZI4
AF-0000000000000388,Q5ZMD1
AF-0000000000000389,P27348
AF-0000000000000390,P68254
AF-0000000000000391,Q5RFJ2
AF-0000000000000392,Q6Q6X0
AF-0000000000000393,P68255
AF-0000000000000394,Q52M98
AF-0000000000000395,P29306
AF-0000000000000396,Q1HR36
AF-0000000000000397,Q2F637
AF-0000000000000398,P63103
AF-0000000000000399,Q5ZKC9
AF-0000000000000400,P29310
AF-0000000000000401,P63104
AF-0000000000000402,P63101
AF-0000000000000403,Q5R651
AF-0000000000000404,P63102
AF-0000000000000405,P29361
AF-0000000000000406,Q91896
AF-0000000000000407,Q6P4Z5
AF-0000000000000408,O42766
AF-0000000000000409,P52908
AF-0000000000000410,P54632
AF-0000000000000411,O96436
AF-0000000000000412,Q8SW28
AF-0000000000000413,Q39757
AF-0000000000000414,E2RU97
AF-0000000000000415,O65352
AF-0000000000000416,Q9SP07
AF-0000000000000417,P93259
AF-0000000000000418,Q25538
AF-0000000000000419,P29307
AF-0000000000000420,P46266
AF-0000000000000421,P84972
AF-0000000000000422,P29308
AF-0000000000000423,Q41246
AF-0000000000000424,Q99002
AF-0000000000000425,P29309
AF-0000000000000426,Q6UFZ9
AF-0000000000000427,Q6UFZ8
AF-0000000000000428,Q5PRD0
AF-0000000000000429,Q5XHK2
AF-0000000000000430,Q7T356
AF-0000000000000431,Q8AVQ3
AF-0000000000000432,Q6PC29
AF-0000000000000433,Q6UFZ3
AF-0000000000000434,Q6UFZ2
AF-0000000000000435,Q6PCG0
AF-0000000000000436,Q6NRY9
AF-0000000000000437,O55751
AF-0000000000000438,P0DTH6
AF-0000000000000439,O55752
AF-0000000000000440,O55753
AF-0000000000000441,P16536
AF-0000000000000442,P14009
AF-0000000000000443,B2SAT5
AF-0000000000000444,Q2YKY9
AF-0000000000000445,A6X5T5
AF-0000000000000446,P0C8N0
AF-0000000000000447,A9MC22
AF-0000000000000448,Q7CNS4
AF-0000000000000449,A5VV34
AF-0000000000000450,A9WZ33
AF-0000000000000451,Q8FVU0
AF-0000000000000452,O55755
AF-0000000000000453,O55757
AF-0000000000000454,O55758
AF-0000000000000455,O55760
AF-0000000000000456,O55761
AF-0000000000000457,O55762
AF-0000000000000458,E7CY70
AF-0000000000000459,Q06JG5
AF-0000000000000460,Q06JG4
AF-0000000000000461,Q6YKB1
AF-0000000000000462,Q06JG6
AF-0000000000000463,O55764
AF-0000000000000464,O55765
AF-0000000000000465,P50927
AF-0000000000000466,P50928
AF-0000000000000467,Q84I68
AF-0000000000000468,Q1RGK9
AF-0000000000000469,P29697
AF-0000000000000470,P0A3N4
AF-0000000000000471,Q9F9F2
AF-0000000000000472,Q52764
AF-0000000000000473,P50929
AF-0000000000000474,P50930
AF-0000000000000475,P16624
AF-0000000000000476,P50931
AF-0000000000000477,P0A3N5
AF-0000000000000478,Q7PA29
AF-0000000000000479,P22882
AF-0000000000000480,P16909
AF-0000000000000481,P46729
AF-0000000000000482,P46730
AF-0000000000000483,P46731
AF-0000000000000484,P46732
AF-0000000000000485,P12809
AF-0000000000000486,O55769
AF-0000000000000487,P05080
AF-0000000000000488,O55771
AF-0000000000000489,P30375
AF-0000000000000490,P16209
AF-0000000000000491,P16211
AF-0000000000000492,P30515
AF-0000000000000493,P30376
AF-0000000000000494,P16210
AF-0000000000000495,P30377
AF-0000000000000496,P13748
AF-0000000000000497,P30378
AF-0000000000000498,P13749
AF-0000000000000499,Q9LQ10
AF-0000000000000500,Q9S9U6
AF-0000000000000501,Q8GYY0
AF-0000000000000502,Q06429
AF-0000000000000503,P23599
AF-0000000000000504,P23279
AF-0000000000000505,A2XLL2
AF-0000000000000506,Q10DK7
AF-0000000000000507,Q9MB95
AF-0000000000000508,Q06402
AF-0000000000000509,Q00257
AF-0000000000000510,Q00379
AF-0000000000000511,Q7XQ85
AF-0000000000000512,P18485
AF-0000000000000513,A0A0P0WIY3
AF-0000000000000514,Q42881
AF-0000000000000515,Q43309
AF-0000000000000516,Q5W6F9
AF-0000000000000517,P29535
AF-0000000000000518,Q37001
AF-0000000000000519,A0A0P0UZP7
AF-0000000000000520,Q9SAR0
AF-0000000000000521,Q9SNN8
AF-0000000000000522,Q9STR4
AF-0000000000000523,Q9T065
AF-0000000000000524,Q9M2Y8
AF-0000000000000525,P27486
AF-0000000000000526,P37821
AF-0000000000000527,P31531
AF-0000000000000528,Q07262
AF-0000000000000529,Q01912
AF-0000000000000530,B9MGI8
AF-0000000000000531,B9K206
AF-0000000000000532,Q89XR6
AF-0000000000000533,A5EJ46
AF-0000000000000534,A4YUJ5
AF-0000000000000535,B1YYR8
AF-0000000000000536,A0AXI7
AF-0000000000000537,B4EJA6
AF-0000000000000538,Q0B569
AF-0000000000000539,Q390Z5
AF-0000000000000540,A9AQJ3
AF-0000000000000541,A3ME84
AF-0000000000000542,A2RWH4
AF-0000000000000543,Q62CE3
AF-0000000000000544,A1UVN3
AF-0000000000000545,B1K774
AF-0000000000000546,Q1BL32
AF-0000000000000547,A3P669
AF-0000000000000548,Q3JLQ0
AF-0000000000000549,A3NKK4
AF-0000000000000550,Q63KN7
AF-0000000000000551,Q2T6A1
AF-0000000000000552,A4JKV8
AF-0000000000000553,Q5KMX3
AF-0000000000000554,Q0K1H0
AF-0000000000000555,Q7M523
AF-0000000000000556,Q9ZHW3
AF-0000000000000557,B8IP05
AF-0000000000000558,A2SLW2
AF-0000000000000559,B0UGM0
AF-0000000000000560,A1TVP2
AF-0000000000000561,B2TBV3
AF-0000000000000562,Q13ME5
AF-0000000000000563,Q48KS9
AF-0000000000000564,Q51813
AF-0000000000000565,Q5PWZ8
AF-0000000000000566,P30297
AF-0000000000000567,Q87YW7
AF-0000000000000568,Q4ZVH4
AF-0000000000000569,Q00740
AF-0000000000000570,Q9V2L2
AF-0000000000000571,Q8U4R3
AF-0000000000000572,O57809
AF-0000000000000573,Q8XS35
AF-0000000000000574,B2UGM5
AF-0000000000000575,Q98AM7
AF-0000000000000576,Q93AG0
AF-0000000000000577,B9JJB7
AF-0000000000000578,Q9AHF0
AF-0000000000000579,Q9URX3
AF-0000000000000580,Q9WY68
AF-0000000000000581,Q6J256
AF-0000000000000582,C5CQC9
AF-0000000000000583,Q5E9H2
AF-0000000000000584,Q96QU6
AF-0000000000000585,A2AIG8
AF-0000000000000586,Q9W698
AF-0000000000000587,Q4AC99
AF-0000000000000588,Q3UX83
AF-0000000000000589,O16846
AF-0000000000000590,Q96355
AF-0000000000000591,P0DJY0
AF-0000000000000592,P03589
AF-0000000000000593,Q00020
AF-0000000000000594,P03588
AF-0000000000000595,P27752
AF-0000000000000596,P17769
AF-0000000000000597,Q83270
AF-0000000000000598,Q66121
AF-0000000000000599,O40976
AF-0000000000000600,P20122
AF-0000000000000601,P06011
AF-0000000000000602,Q83264
AF-0000000000000603,Q83943
AF-0000000000000604,P28726
AF-0000000000000605,Q9DUT3
AF-0000000000000606,P28931
AF-0000000000000607,P89680
AF-0000000000000608,P30379
AF-0000000000000609,P13750
AF-0000000000000610,P30516
AF-0000000000000611,P30380
AF-0000000000000612,P13751
AF-0000000000000613,P30381
AF-0000000000000614,P30382
AF-0000000000000615,P30383
AF-0000000000000616,P30686
AF-0000000000000617,P30517
AF-0000000000000618,P30385
AF-0000000000000619,P30386
AF-0000000000000620,P30387
AF-0000000000000621,P16215
AF-0000000000000622,O17433
AF-0000000000000623,P52570
AF-0000000000000624,Q84PN8
AF-0000000000000625,Q84LA1
AF-0000000000000626,B6DZC8
AF-0000000000000627,B6DZD1
AF-0000000000000628,B6DZD2
AF-0000000000000629,D2IGW7
AF-0000000000000630,Q70AT7
AF-0000000000000631,B6DXP5
AF-0000000000000632,B6DZD0
AF-0000000000000633,O23507
AF-0000000000000634,P30388
AF-0000000000000635,P0DMQ7
AF-0000000000000636,Q91FX0
AF-0000000000000637,Q91FW4
AF-0000000000000638,Q8MIS5
AF-0000000000000639,Q8QZQ9
AF-0000000000000640,Q91FW0
AF-0000000000000641,Q91FV9
AF-0000000000000642,Q91FV5
AF-0000000000000643,Q91FV3
AF-0000000000000644,P17407
AF-0000000000000645,P15256
AF-0000000000000646,Q91FV0
AF-0000000000000647,L0TBY6
AF-0000000000000648,Q91FU6
AF-0000000000000649,Q91FU5
AF-0000000000000650,Q91FU4
AF-0000000000000651,A9CB93
AF-0000000000000652,P22282
AF-0000000000000653,P22283
AF-0000000000000654,Q91FT8
AF-0000000000000655,Q91FT7
AF-0000000000000656,Q91FT6
AF-0000000000000657,Q91FT4
AF-0000000000000658,P80166
AF-0000000000000659,Q91FT2
AF-0000000000000660,Q91FT1
AF-0000000000000661,Q91FT0
AF-0000000000000662,Q91FS6
AF-0000000000000663,Q91FS5
AF-0000000000000664,Q91FS3
AF-0000000000000665,P14592
AF-0000000000000666,Q91FS2
AF-0000000000000667,Q91FR9
AF-0000000000000668,Q91FR8
AF-0000000000000669,Q91FR7
AF-0000000000000670,Q6STM1
AF-0000000000000671,M5AWY0
AF-0000000000000672,P23170
AF-0000000000000673,Q8QZQ8
AF-0000000000000674,P83072
AF-0000000000000675,Q91FQ1
AF-0000000000000676,Q91FQ0
AF-0000000000000677,Q91FP0
AF-0000000000000678,Q91FN9
AF-0000000000000679,Q91FN7
AF-0000000000000680,Q91FN5
AF-0000000000000681,P19361
AF-0000000000000682,P33405
AF-0000000000000683,Q91FN1
AF-0000000000000684,P84001
AF-0000000000000685,O18178
AF-0000000000000686,O04375
AF-0000000000000687,Q15172
AF-0000000000000688,Q6PD03
AF-0000000000000689,O04376
AF-0000000000000690,Q15173
AF-0000000000000691,Q6PD28
AF-0000000000000692,Q28647
AF-0000000000000693,Q80W83
AF-0000000000000694,Q9ZQY6
AF-0000000000000695,Q14738
AF-0000000000000696,Q28653
AF-0000000000000697,P38903
AF-0000000000000698,Q9SV41
AF-0000000000000699,A4FV68
AF-0000000000000700,Q16537
AF-0000000000000701,Q61151
AF-0000000000000702,Q28654
AF-0000000000000703,Q8RW96
AF-0000000000000704,Q13362
AF-0000000000000705,Q60996
AF-0000000000000706,Q28651
AF-0000000000000707,Q93YV6
AF-0000000000000708,Q6I621
AF-0000000000000709,Q9LU89
AF-0000000000000710,Q8LF36
AF-0000000000000711,Q9LVE2
AF-0000000000000712,Q88FI7
AF-0000000000000713,Q38845
AF-0000000000000714,Q32PI5
AF-0000000000000715,Q09543
AF-0000000000000716,Q54QR9
AF-0000000000000717,P36179
AF-0000000000000718,P30153
AF-0000000000000719,Q76MZ3
AF-0000000000000720,P36875
AF-0000000000000721,P54612
AF-0000000000000722,Q9UT08
AF-0000000000000723,P31383
AF-0000000000000724,Q38950
AF-0000000000000725,P30154
AF-0000000000000726,Q7TNP2
AF-0000000000000727,P54613
AF-0000000000000728,Q4QQT4
AF-0000000000000729,Q38951
AF-0000000000000730,G5EDR3
AF-0000000000000731,Q9XGR4
AF-0000000000000732,Q5QIT3
AF-0000000000000733,Q8VZQ4
AF-0000000000000734,Q9SLI8
AF-0000000000000735,Q84JI6
AF-0000000000000736,Q38821
AF-0000000000000737,P53031
AF-0000000000000738,P36872
AF-0000000000000739,P63151
AF-0000000000000740,Q4R7Z4
AF-0000000000000741,Q6P1F6
AF-0000000000000742,Q5Z8Z7
AF-0000000000000743,Q29090
AF-0000000000000744,P63150
AF-0000000000000745,P36876
AF-0000000000000746,Q12702
AF-0000000000000747,Q00362
AF-0000000000000748,Q39247
AF-0000000000000749,Q5E9Q7
AF-0000000000000750,B6VA23
AF-0000000000000751,Q00005
AF-0000000000000752,Q4R8L3
AF-0000000000000753,Q6ZWR4
AF-0000000000000754,A2X2K3
AF-0000000000000755,Q0E2P1
AF-0000000000000756,P54614
AF-0000000000000757,Q5R4A2
AF-0000000000000758,Q00006
AF-0000000000000759,P36877
AF-0000000000000760,A1L3L9
AF-0000000000000761,Q0D2F4
AF-0000000000000762,Q5ZIY5
AF-0000000000000763,Q6NY64
AF-0000000000000764,Q66LE6
AF-0000000000000765,Q925E7
AF-0000000000000766,P56932
AF-0000000000000767,Q7ZX64
AF-0000000000000768,Q6DIY3
AF-0000000000000769,Q9Y2T4
AF-0000000000000770,Q95LP0
AF-0000000000000771,Q8BG02
AF-0000000000000772,P50410
AF-0000000000000773,P97888
AF-0000000000000774,Q10428
AF-0000000000000775,P78759
AF-0000000000000776,P81593
AF-0000000000000777,Q96356
AF-0000000000000778,P0C783
AF-0000000000000779,Q66125
AF-0000000000000780,P14850
AF-0000000000000781,Q8UYT3
AF-0000000000000782,P89679
AF-0000000000000783,P05078
AF-0000000000000784,P11887
AF-0000000000000785,Q5FTU6
AF-0000000000000786,A5CAL1
AF-0000000000000787,O04529
AF-0000000000000788,P47177
AF-0000000000000789,Q12723
AF-0000000000000790,Q01284
AF-0000000000000791,D3DJ41
AF-0000000000000792,D3DJ42
AF-0000000000000793,A0A0N9HQ36
AF-0000000000000794,P48391
AF-0000000000000795,E0SKP1
AF-0000000000000796,E6LDH5
AF-0000000000000797,P15457
AF-0000000000000798,P04403
AF-0000000000000799,P01091
AF-0000000000000800,P84782
AF-0000000000000801,P84529
AF-0000000000000802,P80351
AF-0000000000000803,Q9XHP1
AF-0000000000000804,P15458
AF-0000000000000805,P0C8Y8
AF-0000000000000806,P01090
AF-0000000000000807,P30233
AF-0000000000000808,P15459
AF-0000000000000809,P80208
AF-0000000000000810,P80352
AF-0000000000000811,P15460
AF-0000000000000812,P17333
AF-0000000000000813,P80353
AF-0000000000000814,Q9FH31
AF-0000000000000815,P15461
AF-0000000000000816,P23110
AF-0000000000000817,P27740
AF-0000000000000818,P09893
AF-0000000000000819,P24565
AF-0000000000000820,P26986
AF-0000000000000821,B3EWN4
AF-0000000000000822,Q39649
AF-0000000000000823,P84576
AF-0000000000000824,Q2PS07
AF-0000000000000825,E9NX73
AF-0000000000000826,P93198
AF-0000000000000827,P17718
AF-0000000000000828,P01089
AF-0000000000000829,P19594
AF-0000000000000830,P86783
AF-0000000000000831,Q89705
AF-0000000000000832,P0C9K5
AF-0000000000000833,P0C9K6
AF-0000000000000834,P0C9K7
AF-0000000000000835,P0C9K4
AF-0000000000000836,Q89554
AF-0000000000000837,P0C9K9
AF-0000000000000838,P0C9L0
AF-0000000000000839,P0C9L1
AF-0000000000000840,P0C9K8
AF-0000000000000841,P0C9L3
AF-0000000000000842,A0A097SRX3
AF-0000000000000843,P0C9L6
AF-0000000000000844,Q91FM4
AF-0000000000000845,Q91FM3
AF-0000000000000846,Q91FL6
AF-0000000000000847,V5QRX7
AF-0000000000000848,V5QPS4
AF-0000000000000849,Q91FL2
AF-0000000000000850,Q91FL1
AF-0000000000000851,Q91FK9
AF-0000000000000852,Q91FK7
AF-0000000000000853,C0HKD1
AF-0000000000000854,C0HKD2
AF-0000000000000855,C0HKD3
AF-0000000000000856,Q91FK2
AF-0000000000000857,Q91FJ9
AF-0000000000000858,P84027
AF-0000000000000859,Q91FJ2
AF-0000000000000860,A9CB92
AF-0000000000000861,Q7M3V1
AF-0000000000000862,Q91FI4
AF-0000000000000863,Q2J7H0
AF-0000000000000864,Q91FI1
AF-0000000000000865,Q91FH8
AF-0000000000000866,Q91FH6
AF-0000000000000867,A0A1S4F550
AF-0000000000000868,C0HMB7
AF-0000000000000869,Q5MIU2
AF-0000000000000870,P83064
AF-0000000000000871,P65638
AF-0000000000000872,Q04959
AF-0000000000000873,P9WIR8
AF-0000000000000874,P9WIR9
AF-0000000000000875,Q7NXD4
AF-0000000000000876,P0C9P4
AF-0000000000000877,Q65122
AF-0000000000000878,P0C9P5
AF-0000000000000879,P0C9P3
AF-0000000000000880,P0C9P7
AF-0000000000000881,Q65123
AF-0000000000000882,P0C9P8
AF-0000000000000883,P0C9P6
AF-0000000000000884,P0C9Q0
AF-0000000000000885,Q65125
AF-0000000000000886,P0C9Q1
AF-0000000000000887,P0C9P9
AF-0000000000000888,P0C9Q3
AF-0000000000000889,Q65126
AF-0000000000000890,P0C9Q4
AF-0000000000000891,P0C9Q2
AF-0000000000000892,P0C9Q6
AF-0000000000000893,Q65127
AF-0000000000000894,P0C9Q7
AF-0000000000000895,P0C9Q5
AF-0000000000000896,Q65141
AF-0000000000000897,P0C9Q9
AF-0000000000000898,P0C9R1
AF-0000000000000899,P0C9R0
AF-0000000000000900,P0C9Q8
AF-0000000000000901,P23163
AF-0000000000000902,P0C9R3
AF-0000000000000903,Q65258
AF-0000000000000904,P0C9R4
AF-0000000000000905,P0C9R2
AF-0000000000000906,Q65211
AF-0000000000000907,P0C9R7
AF-0000000000000908,P0C9R5
AF-0000000000000909,P23164
AF-0000000000000910,P0C9R9
AF-0000000000000911,P0C9S0
AF-0000000000000912,P0C9R8
AF-0000000000000913,P23167
AF-0000000000000914,P0C9L9
AF-0000000000000915,P0C9M0
AF-0000000000000916,P0C9L8
AF-0000000000000917,P23168
AF-0000000000000918,P0C9S1
AF-0000000000000919,P0C9S3
AF-0000000000000920,P0C9S2
AF-0000000000000921,Q65269
AF-0000000000000922,P23166
AF-0000000000000923,P0C9M1
AF-0000000000000924,P0C9M2
AF-0000000000000925,P0C9M3
AF-0000000000000926,P23165
AF-0000000000000927,P0C9M5
AF-0000000000000928,P0C9M7
AF-0000000000000929,P0C9M6
AF-0000000000000930,P0C9M4
AF-0000000000000931,P0C9M9
AF-0000000000000932,P26712
AF-0000000000000933,P0C9N1
AF-0000000000000934,P0C9N0
AF-0000000000000935,P0C9M8
AF-0000000000000936,Q65133
AF-0000000000000937,P26711
AF-0000000000000938,P0C9N2
AF-0000000000000939,P0C9N3
AF-0000000000000940,P0C9N4
AF-0000000000000941,P0C9N5
AF-0000000000000942,P23162
AF-0000000000000943,P0C9N7
AF-0000000000000944,P0C9N9
AF-0000000000000945,P0C9N8
AF-0000000000000946,P0C9N6
AF-0000000000000947,Q65137
AF-0000000000000948,P0C9P1
AF-0000000000000949,Q65121
AF-0000000000000950,P0C9P2
AF-0000000000000951,P0C9P0
AF-0000000000000952,Q91FG3
AF-0000000000000953,Q91FF8
AF-0000000000000954,Q91FF6
AF-0000000000000955,D7UER1
AF-0000000000000956,Q91FF1
AF-0000000000000957,Q91FF0
AF-0000000000000958,Q91FE9
AF-0000000000000959,Q91FE0
AF-0000000000000960,Q91FD9
AF-0000000000000961,Q91FD6
AF-0000000000000962,Q91FD5
AF-0000000000000963,P24745
AF-0000000000000964,A7B3K3
AF-0000000000000965,C8WMP0
AF-0000000000000966,Q39371
AF-0000000000000967,C0HK72
AF-0000000000000968,Q9ZWB4
AF-0000000000000969,Q9LR73
AF-0000000000000970,Q9MBC1
AF-0000000000000971,C8WJW0
AF-0000000000000972,C8WGQ3
AF-0000000000000973,A7AZH2
AF-0000000000000974,P19871
AF-0000000000000975,P0DX23
AF-0000000000000976,P0DX24
AF-0000000000000977,P14060
AF-0000000000000978,P27365
AF-0000000000000979,Q60555
AF-0000000000000980,P24815
AF-0000000000000981,P22071
AF-0000000000000982,P26439
AF-0000000000000983,Q64421
AF-0000000000000984,P26149
AF-0000000000000985,P22072
AF-0000000000000986,O35296
AF-0000000000000987,P26150
AF-0000000000000988,Q61767
AF-0000000000000989,Q62878
AF-0000000000000990,Q61694
AF-0000000000000991,P27364
AF-0000000000000992,O35469
AF-0000000000000993,Q9H2F3
AF-0000000000000994,Q9EQC1
AF-0000000000000995,O35048
AF-0000000000000996,P33794
AF-0000000000000997,P14893
AF-0000000000000998,Q5IFP1
AF-0000000000000999,Q67477
AF-0000000000001000,O46516
AF-0000000000001001,A0A7H0DNE2
AF-0000000000001002,P9WQP6
AF-0000000000001003,P9WQP7
AF-0000000000001004,Q9N119
AF-0000000000001005,O57245
AF-0000000000001006,P21097
AF-0000000000001007,P26670
AF-0000000000001008,Q89187
AF-0000000000001009,Q9Y3L3
AF-0000000000001010,P55194
AF-0000000000001011,D3ZFJ3
AF-0000000000001012,P78314
AF-0000000000001013,Q06649
AF-0000000000001014,Q9V785
AF-0000000000001015,Q0V8K7
AF-0000000000001016,Q7L8J4
AF-0000000000001017,Q99LH9
AF-0000000000001018,Q5R9X9
AF-0000000000001019,Q5U584
AF-0000000000001020,A4IH82
AF-0000000000001021,O60239
AF-0000000000001022,Q9Z131
AF-0000000000001023,Q91Y80
AF-0000000000001024,C0HK73
AF-0000000000001025,Q84SM8
AF-0000000000001026,C7ASI9
AF-0000000000001027,F1CKI6
AF-0000000000001028,F2XF94
AF-0000000000001029,R9QMW4
AF-0000000000001030,R9QMW8
AF-0000000000001031,F1CKI8
AF-0000000000001032,R9QMR6
AF-0000000000001033,F1CKI9
AF-0000000000001034,P37046
AF-0000000000001035,P85078
AF-0000000000001036,C0HK74
AF-0000000000001037,B0XQT1
AF-0000000000001038,B8NIM4
AF-0000000000001039,Q6MYX3
AF-0000000000001040,Q0D131
AF-0000000000001041,C7ZKL6
AF-0000000000001042,A1D2R0
AF-0000000000001043,B0XZU3
AF-0000000000001044,B8NXI4
AF-0000000000001045,Q4WZ01
AF-0000000000001046,P0CI63
AF-0000000000001047,C7Z622
AF-0000000000001048,A1D5T7
AF-0000000000001049,Q59087
AF-0000000000001050,A1CPW7
AF-0000000000001051,Q2U2Z2
AF-0000000000001052,A6S694
AF-0000000000001053,Q59Z17
AF-0000000000001054,B9WC12
AF-0000000000001055,C5M799
AF-0000000000001056,C4YCH0
AF-0000000000001057,Q6BKA3
AF-0000000000001058,P05147
AF-0000000000001059,Q4PIL0
AF-0000000000001060,Q58HK4
AF-0000000000001061,P05195
AF-0000000000001062,B6H4C6
AF-0000000000001063,Q0U9X3
AF-0000000000001064,A5DAY6
AF-0000000000001065,A3LYE4
AF-0000000000001066,Q86ZM3
AF-0000000000001067,A4QYU7
AF-0000000000001068,B2WGR9
AF-0000000000001069,A7F996
AF-0000000000001070,D1ZR99
AF-0000000000001071,B6Q3C6
AF-0000000000001072,P0CI61
AF-0000000000001073,C9SU87
AF-0000000000001074,A0A3G2FQK2
AF-0000000000001075,P13475
AF-0000000000001076,A1C408
AF-0000000000001077,B0Y9Z9
AF-0000000000001078,Q4WCF1
AF-0000000000001079,Q2UHT9
AF-0000000000001080,A1C874
AF-0000000000001081,B0XVP0
AF-0000000000001082,Q4WZC3
AF-0000000000001083,Q2UB88
AF-0000000000001084,A2R8S7
AF-0000000000001085,Q0D1U6
AF-0000000000001086,A0RD64
AF-0000000000001087,Q739J0
AF-0000000000001088,C1ERL1
AF-0000000000001089,Q0VCA8
AF-0000000000001090,A6X798
AF-0000000000001091,B4EFS7
AF-0000000000001092,Q39LI1
AF-0000000000001093,Q60W34
AF-0000000000001094,Q19341
AF-0000000000001095,Q59K86
AF-0000000000001096,Q2HD63
AF-0000000000001097,Q1E5I0
AF-0000000000001098,P0CL87
AF-0000000000001099,P0CL86
AF-0000000000001100,Q1LCS4
AF-0000000000001101,Q46PT7
AF-0000000000001102,Q5U3F8
AF-0000000000001103,Q54S02
AF-0000000000001104,Q75CP6
AF-0000000000001105,P46952
AF-0000000000001106,Q28SE8
AF-0000000000001107,A5E0Z9
AF-0000000000001108,Q78JT3
AF-0000000000001109,Q4P2Q7
AF-0000000000001110,A7RIT9
AF-0000000000001111,A1DB76
AF-0000000000001112,Q7SDX3
AF-0000000000001113,B2T2S5
AF-0000000000001114,A5DLW3
AF-0000000000001115,A3LP72
AF-0000000000001116,B2AAJ5
AF-0000000000001117,Q83V26
AF-0000000000001118,A4REV8
AF-0000000000001119,P46953
AF-0000000000001120,Q5LSJ4
AF-0000000000001121,B1KJM7
AF-0000000000001122,Q8PM31
AF-0000000000001123,Q4UT95
AF-0000000000001124,B0RUZ7
AF-0000000000001125,Q8PAD0
AF-0000000000001126,Q3BV37
AF-0000000000001127,Q2P320
AF-0000000000001128,Q5H043
AF-0000000000001129,Q6P7I0
AF-0000000000001130,Q6DIZ0
AF-0000000000001131,Q6CFX1
AF-0000000000001132,P47096
AF-0000000000001133,Q46ZL2
AF-0000000000001134,Q9AJS8
AF-0000000000001135,Q9F131
AF-0000000000001136,Q0QFQ1
AF-0000000000001137,Q8NLB6
AF-0000000000001138,Q5EXK1
AF-0000000000001139,Q3S4B7
AF-0000000000001140,Q4W8C9
AF-0000000000001141,A9CH01
AF-0000000000001142,Q9SZE1
AF-0000000000001143,Q9C991
AF-0000000000001144,Q949M8
AF-0000000000001145,Q9SUC0
AF-0000000000001146,Q2HJD7
AF-0000000000001147,Q9XTI0
AF-0000000000001148,Q54CX6
AF-0000000000001149,Q9V8M5
AF-0000000000001150,P31937
AF-0000000000001151,P86199
AF-0000000000001152,Q99L13
AF-0000000000001153,Q5R5E7
AF-0000000000001154,P32185
AF-0000000000001155,P29266
AF-0000000000001156,A9AKG8
AF-0000000000001157,F8J2B3
AF-0000000000001158,Q53B54
AF-0000000000001159,P60615
AF-0000000000001160,P60616
AF-0000000000001161,P01385
AF-0000000000001162,P25670
AF-0000000000001163,B2BRQ5
AF-0000000000001164,A8S6A8
AF-0000000000001165,A1IVR8
AF-0000000000001166,A6MFK4
AF-0000000000001167,P01393
AF-0000000000001168,P01396
AF-0000000000001169,P01394
AF-0000000000001170,Q8UW29
AF-0000000000001171,P01380
AF-0000000000001172,P0C8R6
AF-0000000000001173,P01379
AF-0000000000001174,P01389
AF-0000000000001175,P25674
AF-0000000000001176,P01391
AF-0000000000001177,P01383
AF-0000000000001178,P25668
AF-0000000000001179,P01390
AF-0000000000001180,P01382
AF-0000000000001181,P01384
AF-0000000000001182,P01387
AF-0000000000001183,A8HDK7
AF-0000000000001184,A8HDK9
AF-0000000000001185,A8HDK6
AF-0000000000001186,A8HDK4
AF-0000000000001187,F8J2F2
AF-0000000000001188,P34074
AF-0000000000001189,Q2VBP5
AF-0000000000001190,Q2VBP4
AF-0000000000001191,B2BRQ6
AF-0000000000001192,C5ILC5
AF-0000000000001193,P0DKW9
AF-0000000000001194,A8N285
AF-0000000000001195,A8S6B0
AF-0000000000001196,A1IVR9
AF-0000000000001197,A6MFK5
AF-0000000000001198,P01397
AF-0000000000001199,P01395
AF-0000000000001200,A3FM53
AF-0000000000001201,P01381
AF-0000000000001202,P01388
AF-0000000000001203,P25669
AF-0000000000001204,P01386
AF-0000000000001205,A8HDK8
AF-0000000000001206,F8J2E6
AF-0000000000001207,Q53B55
AF-0000000000001208,Q53B53
AF-0000000000001209,Q53B59
AF-0000000000001210,Q2VBP3
AF-0000000000001211,A1IVR7
AF-0000000000001212,P25667
AF-0000000000001213,Q8UW28
AF-0000000000001214,P0DQQ1
AF-0000000000001215,P25671
AF-0000000000001216,P07526
AF-0000000000001217,F8J2D7
AF-0000000000001218,F8J2E5
AF-0000000000001219,C0HJD7
AF-0000000000001220,P0DQQ2
AF-0000000000001221,P25672
AF-0000000000001222,P80156
AF-0000000000001223,Q53B58
AF-0000000000001224,Q53B57
AF-0000000000001225,Q53B56
AF-0000000000001226,P25673
AF-0000000000001227,P80965
AF-0000000000001228,P82662
AF-0000000000001229,F8J2E1
AF-0000000000001230,F8J2E2
AF-0000000000001231,C0HM09
AF-0000000000001232,O42257
AF-0000000000001233,P86522
AF-0000000000001234,Q7T3J2
AF-0000000000001235,D2N116
AF-0000000000001236,P0C8R7
AF-0000000000001237,P0C8R8
AF-0000000000001238,P13495
AF-0000000000001239,P34073
AF-0000000000001240,P14612
AF-0000000000001241,Q7T2I3
AF-0000000000001242,P0CJ35
AF-0000000000001243,P85140
AF-0000000000001244,A7X4Q3
AF-0000000000001245,A7X4R0
AF-0000000000001246,Q9W7J5
AF-0000000000001247,Q2VBP8
AF-0000000000001248,Q2VBP6
AF-0000000000001249,P15816
AF-0000000000001250,P15817
AF-0000000000001251,O12961
AF-0000000000001252,O12962
AF-0000000000001253,Q9W729
AF-0000000000001254,Q8AY56
AF-0000000000001255,Q8AY55
AF-0000000000001256,P01398
AF-0000000000001257,P15815
AF-0000000000001258,Q8GSN8
AF-0000000000001259,Q9I0N5
AF-0000000000001260,P05100
AF-0000000000001261,P04395
AF-0000000000001262,P37878
AF-0000000000001263,P44321
AF-0000000000001264,Q9Y9P1
AF-0000000000001265,Q8UAN8
AF-0000000000001266,A8MF35
AF-0000000000001267,B8JBU6
AF-0000000000001268,Q2IHD7
AF-0000000000001269,A7HIL2
AF-0000000000001270,B4UIZ5
AF-0000000000001271,C3P1N9
AF-0000000000001272,C3LE50
AF-0000000000001273,A0RAB9
AF-0000000000001274,Q81UJ9
AF-0000000000001275,B7JSE3
AF-0000000000001276,Q73CV5
AF-0000000000001277,B7IJ32
AF-0000000000001278,C1EZP2
AF-0000000000001279,B7HEV9
AF-0000000000001280,B7HXM9
AF-0000000000001281,A7GLP0
AF-0000000000001282,B9IRB4
AF-0000000000001283,Q81HD0
AF-0000000000001284,Q63FD4
AF-0000000000001285,Q6HMV4
AF-0000000000001286,Q65DF9
AF-0000000000001287,A9VGI8
AF-0000000000001288,P94378
AF-0000000000001289,A7ZA84
AF-0000000000001290,Q6MGX6
AF-0000000000001291,Q0SN86
AF-0000000000001292,O51383
AF-0000000000001293,B7J1Z1
AF-0000000000001294,Q661J6
AF-0000000000001295,Q89LR7
AF-0000000000001296,A0KAJ8
AF-0000000000001297,Q39CW7
AF-0000000000001298,B1JYM2
AF-0000000000001299,Q1BTJ3
AF-0000000000001300,Q3ABT8
AF-0000000000001301,Q3J3U4
AF-0000000000001302,Q11IE7
AF-0000000000001303,Q5L6N0
AF-0000000000001304,Q3APM2
AF-0000000000001305,Q824B4
AF-0000000000001306,Q253J9
AF-0000000000001307,Q3B622
AF-0000000000001308,B3QKY6
AF-0000000000001309,B3EN08
AF-0000000000001310,A1BI83
AF-0000000000001311,A4SD50
AF-0000000000001312,Q9Z847
AF-0000000000001313,Q8KBD5
AF-0000000000001314,Q97EY6
AF-0000000000001315,A7FTE3
AF-0000000000001316,C3KTV2
AF-0000000000001317,A6LPI2
AF-0000000000001318,B2UXQ2
AF-0000000000001319,B2THZ1
AF-0000000000001320,A5I1A3
AF-0000000000001321,C1FKZ0
AF-0000000000001322,B1IJE7
AF-0000000000001323,A7GCV4
AF-0000000000001324,B1KZY0
AF-0000000000001325,Q18C13
AF-0000000000001326,A0PZK9
AF-0000000000001327,Q0TM75
AF-0000000000001328,Q8XHA9
AF-0000000000001329,Q0SPY0
AF-0000000000001330,Q896H4
AF-0000000000001331,Q8FUA2
AF-0000000000001332,A4QAA8
AF-0000000000001333,Q8NU33
AF-0000000000001334,Q4JYA4
AF-0000000000001335,Q6A5L3
AF-0000000000001336,Q11UN5
AF-0000000000001337,Q1IXS9
AF-0000000000001338,Q9RSQ0
AF-0000000000001339,Q24R48
AF-0000000000001340,A4J510
AF-0000000000001341,Q3YR73
AF-0000000000001342,Q2GHI5
AF-0000000000001343,Q5FG73
AF-0000000000001344,Q93FQ6
AF-0000000000001345,Q5HAG4
AF-0000000000001346,Q833H5
AF-0000000000001347,Q2J868
AF-0000000000001348,Q14IG1
AF-0000000000001349,A7NBW2
AF-0000000000001350,Q2A3P9
AF-0000000000001351,Q0BM56
AF-0000000000001352,Q5NH09
AF-0000000000001353,A4IY77
AF-0000000000001354,Q7NHP4
AF-0000000000001355,Q0BR48
AF-0000000000001356,A9B1N9
AF-0000000000001357,Q1IHD8
AF-0000000000001358,Q5FMR0
AF-0000000000001359,Q1G7S0
AF-0000000000001360,Q04CJ7
AF-0000000000001361,A8YWM6
AF-0000000000001362,Q74LU5
AF-0000000000001363,Q88VP8
AF-0000000000001364,Q38Y85
AF-0000000000001365,Q5X6N6
AF-0000000000001366,A5IG48
AF-0000000000001367,Q5ZX66
AF-0000000000001368,Q5WY41
AF-0000000000001369,Q6AGC6
AF-0000000000001370,Q92D89
AF-0000000000001371,C1L1K0
AF-0000000000001372,Q721N6
AF-0000000000001373,B8DEK7
AF-0000000000001374,P58621
AF-0000000000001375,A0AH42
AF-0000000000001376,Q0W5C8
AF-0000000000001377,B3DVC8
AF-0000000000001378,A3CTY6
AF-0000000000001379,P65413
AF-0000000000001380,A1KJA4
AF-0000000000001381,C1ANW0
AF-0000000000001382,Q9EUU9
AF-0000000000001383,B8ZRG8
AF-0000000000001384,O05678
AF-0000000000001385,Q740F6
AF-0000000000001386,A1UH86
AF-0000000000001387,Q1B7S1
AF-0000000000001388,A5U346
AF-0000000000001389,P9WJP6
AF-0000000000001390,P9WJP7
AF-0000000000001391,Q1CYD8
AF-0000000000001392,B2A7A8
AF-0000000000001393,Q1QMA3
AF-0000000000001394,Q2Y9K4
AF-0000000000001395,Q3JEY0
AF-0000000000001396,Q3SSP2
AF-0000000000001397,Q5YYA5
AF-0000000000001398,Q8ETG4
AF-0000000000001399,B2JS24
AF-0000000000001400,B2TCB2
AF-0000000000001401,Q13NQ1
AF-0000000000001402,B4S4K5
AF-0000000000001403,Q48DL2
AF-0000000000001404,B7V8A3
AF-0000000000001405,Q02SH7
AF-0000000000001406,Q9HX17
AF-0000000000001407,Q3K692
AF-0000000000001408,Q87VV5
AF-0000000000001409,Q4ZN72
AF-0000000000001410,Q1QEF7
AF-0000000000001411,Q2K4W8
AF-0000000000001412,Q1MCQ8
AF-0000000000001413,Q98DR6
AF-0000000000001414,Q92TT1
AF-0000000000001415,Q7UG12
AF-0000000000001416,Q0SI65
AF-0000000000001417,Q2IW19
AF-0000000000001418,Q6N6M8
AF-0000000000001419,Q214R5
AF-0000000000001420,Q137C7
AF-0000000000001421,C3PN66
AF-0000000000001422,A8GX84
AF-0000000000001423,Q1RJJ3
AF-0000000000001424,Q92IE0
AF-0000000000001425,Q4UM12
AF-0000000000001426,Q9ZDH7
AF-0000000000001427,C4K2P9
AF-0000000000001428,B0BX67
AF-0000000000001429,A8GRR0
AF-0000000000001430,Q68X22
AF-0000000000001431,Q1AWF5
AF-0000000000001432,Q2S2B5
AF-0000000000001433,Q5WGN4
AF-0000000000001434,Q4LBY8
AF-0000000000001435,A7X5V7
AF-0000000000001436,A6U471
AF-0000000000001437,Q2FEF3
AF-0000000000001438,Q2FVS1
AF-0000000000001439,A5IVC5
AF-0000000000001440,Q2YYZ2
AF-0000000000001441,Q5HDL2
AF-0000000000001442,A6QJI5
AF-0000000000001443,P65414
AF-0000000000001444,P65415
AF-0000000000001445,Q6GE90
AF-0000000000001446,Q6G6X6
AF-0000000000001447,A8Z534
AF-0000000000001448,P65416
AF-0000000000001449,B9DLR4
AF-0000000000001450,Q5HLQ3
AF-0000000000001451,Q8CRC1
AF-0000000000001452,Q4L8K2
AF-0000000000001453,Q49ZR8
AF-0000000000001454,Q829C5
AF-0000000000001455,Q9S208
AF-0000000000001456,B1W1Y7
AF-0000000000001457,Q31QG8
AF-0000000000001458,Q2JXG4
AF-0000000000001459,Q2JI31
AF-0000000000001460,Q5N3S0
AF-0000000000001461,Q0ID97
AF-0000000000001462,Q113S1
AF-0000000000001463,Q73G53
AF-0000000000001464,B3CM56
AF-0000000000001465,Q5GT31
AF-0000000000001466,Q8PJT1
AF-0000000000001467,Q4UVR0
AF-0000000000001468,B0RRX4
AF-0000000000001469,Q8P8C7
AF-0000000000001470,Q3BSA6
AF-0000000000001471,Q39147
AF-0000000000001472,Q8SQI1
AF-0000000000001473,P29372
AF-0000000000001474,Q04841
AF-0000000000001475,P23571
AF-0000000000001476,Q5XF51
AF-0000000000001477,A0A346CIB2
AF-0000000000001478,A0A346CIB0
AF-0000000000001479,A7X3S0
AF-0000000000001480,A7X3S2
AF-0000000000001481,A7X3V0
AF-0000000000001482,P0C603
AF-0000000000001483,A0S864
AF-0000000000001484,A0A346CIA0
AF-0000000000001485,A0S865
AF-0000000000001486,P83490
AF-0000000000001487,A0A346CIB3
AF-0000000000001488,Q06ZW0
AF-0000000000001489,C0HJD3
AF-0000000000001490,Q8AY51
AF-0000000000001491,Q9YGI2
AF-0000000000001492,C0HJW9
AF-0000000000001493,Q8AY50
AF-0000000000001494,C6JUP2
AF-0000000000001495,Q9YGI4
AF-0000000000001496,Q8AY49
AF-0000000000001497,Q9YGI1
AF-0000000000001498,Q6IZ95
AF-0000000000001499,Q2VBN2
AF-0000000000001500,P29179
AF-0000000000001501,O42255
AF-0000000000001502,C1IC49
AF-0000000000001503,P29180
AF-0000000000001504,O42256
AF-0000000000001505,P29181
AF-0000000000001506,A2CKF6
AF-0000000000001507,P29182
AF-0000000000001508,Q802B3
AF-0000000000001509,P25679
AF-0000000000001510,Q9W7I3
AF-0000000000001511,P25680
AF-0000000000001512,Q802B2
AF-0000000000001513,P01401
AF-0000000000001514,P01400
AF-0000000000001515,P01399
AF-0000000000001516,O93422
AF-0000000000001517,P60814
AF-0000000000001518,P0DSM9
AF-0000000000001519,A2CKF7
AF-0000000000001520,P82935
AF-0000000000001521,P85520
AF-0000000000001522,Q53B61
AF-0000000000001523,Q70WS8
AF-0000000000001524,P58370
AF-0000000000001525,P15818
AF-0000000000001526,P81783
AF-0000000000001527,Q9YGH9
AF-0000000000001528,O12963
AF-0000000000001529,Q9YGJ0
AF-0000000000001530,Q9YGH0
AF-0000000000001531,Q8JFX7
AF-0000000000001532,Q9PW19
AF-0000000000001533,P25682
AF-0000000000001534,P81782
AF-0000000000001535,C0HJT4
AF-0000000000001536,C0HKZ8
AF-0000000000001537,A7X3M9
AF-0000000000001538,A7X3R6
AF-0000000000001539,C0HJR1
AF-0000000000001540,A7X3M3
AF-0000000000001541,C0HJR2
AF-0000000000001542,P86096
AF-0000000000001543,A5X2W8
AF-0000000000001544,A7X6J0
AF-0000000000001545,P86423
AF-0000000000001546,P86098
AF-0000000000001547,P86424
AF-0000000000001548,P86099
AF-0000000000001549,A7X6I4
AF-0000000000001550,Q06401
AF-0000000000001551,A0R4S9
AF-0000000000001552,Q7D5C1
AF-0000000000001553,P71864
AF-0000000000001554,Q04616
AF-0000000000001555,A9KM56
AF-0000000000001556,Q0KAA1
AF-0000000000001557,A3DIJ8
AF-0000000000001558,P30871
AF-0000000000001559,P45267
AF-0000000000001560,Q82UI9
AF-0000000000001561,P01419
AF-0000000000001562,Q7T2I1
AF-0000000000001563,Q8UW27
AF-0000000000001564,E2ITZ3
AF-0000000000001565,P01412
AF-0000000000001566,C0HJI9
AF-0000000000001567,Q69CJ8
AF-0000000000001568,P01434
AF-0000000000001569,P32879
AF-0000000000001570,A8S6A4
AF-0000000000001571,P10808
AF-0000000000001572,A8HDJ7
AF-0000000000001573,A6MFK6
AF-0000000000001574,P01417
AF-0000000000001575,P01416
AF-0000000000001576,P01418
AF-0000000000001577,P01425
AF-0000000000001578,A8HDJ9
AF-0000000000001579,P25494
AF-0000000000001580,P68416
AF-0000000000001581,P01437
AF-0000000000001582,P68413
AF-0000000000001583,Q5UFR8
AF-0000000000001584,P68415
AF-0000000000001585,P68412
AF-0000000000001586,Q9YGC2
AF-0000000000001587,P86420
AF-0000000000001588,K9MCH1
AF-0000000000001589,P80548
AF-0000000000001590,P86095
AF-0000000000001591,C0HLK3
AF-0000000000001592,P34075
AF-0000000000001593,P34076
AF-0000000000001594,P68417
AF-0000000000001595,P68418
AF-0000000000001596,P01424
AF-0000000000001597,P01431
AF-0000000000001598,P68419
AF-0000000000001599,P01427
AF-0000000000001600,P01426
AF-0000000000001601,P60773
AF-0000000000001602,P60774
AF-0000000000001603,A8HDK0
AF-0000000000001604,Q45Z11
AF-0000000000001605,P25497
AF-0000000000001606,P0DXT0
AF-0000000000001607,A8HDJ4
AF-0000000000001608,A8HDJ5
AF-0000000000001609,F8J2G3
AF-0000000000001610,P0CAR4
AF-0000000000001611,P19959
AF-0000000000001612,A8HDJ8
AF-0000000000001613,P01433
AF-0000000000001614,P62376
AF-0000000000001615,Q8UW26
AF-0000000000001616,Q5UFR7
AF-0000000000001617,P10457
AF-0000000000001618,Q9YGW9
AF-0000000000001619,P01422
AF-0000000000001620,P25675
AF-0000000000001621,C0HM08
AF-0000000000001622,P01423
AF-0000000000001623,P0CB06
AF-0000000000001624,A8HDJ6
AF-0000000000001625,F8J2G5
AF-0000000000001626,P19958
AF-0000000000001627,Q9YGC4
AF-0000000000001628,P86422
AF-0000000000001629,P86097
AF-0000000000001630,P01420
AF-0000000000001631,P01432
AF-0000000000001632,Q9PSN6
AF-0000000000001633,A7X4R5
AF-0000000000001634,C1IC47
AF-0000000000001635,P19960
AF-0000000000001636,Q9YGX0
AF-0000000000001637,Q9YGW8
AF-0000000000001638,P01421
AF-0000000000001639,A7X4S0
AF-0000000000001640,C1IC48
AF-0000000000001641,F5CPD5
AF-0000000000001642,F5CPD6
AF-0000000000001643,F5CPD7
AF-0000000000001644,F5CPD8
AF-0000000000001645,F5CPD9
AF-0000000000001646,P62389
AF-0000000000001647,Q9YGC7
AF-0000000000001648,P60772
AF-0000000000001649,F5CPE4
AF-0000000000001650,P86425
AF-0000000000001651,Q9YGJ6
AF-0000000000001652,Q9YGJ5
AF-0000000000001653,O57326
AF-0000000000001654,O57327
AF-0000000000001655,P62388
AF-0000000000001656,P0CG02
AF-0000000000001657,P25495
AF-0000000000001658,P14613
AF-0000000000001659,P82849
AF-0000000000001660,P25496
AF-0000000000001661,P10459
AF-0000000000001662,P59275
AF-0000000000001663,P60770
AF-0000000000001664,P60771
AF-0000000000001665,Q9PTT0
AF-0000000000001666,P80958
AF-0000000000001667,P10455
AF-0000000000001668,P10458
AF-0000000000001669,P10460
AF-0000000000001670,P59276
AF-0000000000001671,P0CAR1
AF-0000000000001672,P10456
AF-0000000000001673,P0CAR3
AF-0000000000001674,P0CAR5
AF-0000000000001675,P60775
AF-0000000000001676,Q90VW1
AF-0000000000001677,Q7T2I5
AF-0000000000001678,Q9YGX1
AF-0000000000001679,P0C555
AF-0000000000001680,Q9W7K2
AF-0000000000001681,Q9W7K1
AF-0000000000001682,P59072
AF-0000000000001683,P59073
AF-0000000000001684,Q9W7K0
AF-0000000000001685,Q9W7J9
AF-0000000000001686,Q9W7J7
AF-0000000000001687,Q9W7J6
AF-0000000000001688,A8HDK1
AF-0000000000001689,Q02454
AF-0000000000001690,P0DMV6
AF-0000000000001691,Q98957
AF-0000000000001692,Q98956
AF-0000000000001693,P79810
AF-0000000000001694,Q98958
AF-0000000000001695,P85429
AF-0000000000001696,P0C5H4
AF-0000000000001697,P60304
AF-0000000000001698,P01455
AF-0000000000001699,P0CH80
AF-0000000000001700,P01448
AF-0000000000001701,P01467
AF-0000000000001702,P01447
AF-0000000000001703,P01456
AF-0000000000001704,P01451
AF-0000000000001705,P01468
AF-0000000000001706,O93471
AF-0000000000001707,A0A7T7DMY7
AF-0000000000001708,P86538
AF-0000000000001709,Q9PST4
AF-0000000000001710,Q9PST3
AF-0000000000001711,O93472
AF-0000000000001712,P01442
AF-0000000000001713,P01462
AF-0000000000001714,Q9DGH9
AF-0000000000001715,P01469
AF-0000000000001716,P01440
AF-0000000000001717,P01463
AF-0000000000001718,P01441
AF-0000000000001719,Q98959
AF-0000000000001720,P86539
AF-0000000000001721,Q98960
AF-0000000000001722,Q98962
AF-0000000000001723,P60301
AF-0000000000001724,P01459
AF-0000000000001725,P01446
AF-0000000000001726,P01470
AF-0000000000001727,P24780
AF-0000000000001728,P01458
AF-0000000000001729,P60302
AF-0000000000001730,O93473
AF-0000000000001731,O73856
AF-0000000000001732,Q9W6W9
AF-0000000000001733,P01443
AF-0000000000001734,P01461
AF-0000000000001735,P60303
AF-0000000000001736,P01452
AF-0000000000001737,O73857
AF-0000000000001738,P60310
AF-0000000000001739,Q98961
AF-0000000000001740,P01464
AF-0000000000001741,P01457
AF-0000000000001742,P24779
AF-0000000000001743,P25517
AF-0000000000001744,Q9PS34
AF-0000000000001745,Q98965
AF-0000000000001746,P01465
AF-0000000000001747,O73858
AF-0000000000001748,P01445
AF-0000000000001749,P01466
AF-0000000000001750,P86382
AF-0000000000001751,O73859
AF-0000000000001752,P49123
AF-0000000000001753,Q91124
AF-0000000000001754,P01460
AF-0000000000001755,P60305
AF-0000000000001756,P86540
AF-0000000000001757,P01454
AF-0000000000001758,A0A0U5AUY6
AF-0000000000001759,Q9W6W6
AF-0000000000001760,P01453
AF-0000000000001761,P86541
AF-0000000000001762,P60311
AF-0000000000001763,P60306
AF-0000000000001764,P60307
AF-0000000000001765,P60308
AF-0000000000001766,P60309
AF-0000000000001767,P0C944
AF-0000000000001768,P80245
AF-0000000000001769,P0DSN1
AF-0000000000001770,Q91135
AF-0000000000001771,P83345
AF-0000000000001772,Q91136
AF-0000000000001773,P07525
AF-0000000000001774,B3EWR3
AF-0000000000001775,P01471
AF-0000000000001776,P24776
AF-0000000000001777,P24777
AF-0000000000001778,P0DQH3
AF-0000000000001779,P0DQH4
AF-0000000000001780,B3EWH9
AF-0000000000001781,Q2VBN5
AF-0000000000001782,Q2VBN4
AF-0000000000001783,Q2VBN7
AF-0000000000001784,Q53B46
AF-0000000000001785,Q69CK0
AF-0000000000001786,Q2VBN8
AF-0000000000001787,P0C1Y9
AF-0000000000001788,P0C1Z0
AF-0000000000001789,P25681
AF-0000000000001790,Q9PS08
AF-0000000000001791,P07046
AF-0000000000001792,P60234
AF-0000000000001793,P60235
AF-0000000000001794,P60236
AF-0000000000001795,P85092
AF-0000000000001796,P86419
AF-0000000000001797,Q53B49
AF-0000000000001798,P25518
AF-0000000000001799,P0DQP2
AF-0000000000001800,P81030
AF-0000000000001801,P18328
AF-0000000000001802,P81031
AF-0000000000001803,Q9PSN1
AF-0000000000001804,Q2VBN1
AF-0000000000001805,Q8QGR0
AF-0000000000001806,Q2VBN0
AF-0000000000001807,P80494
AF-0000000000001808,P80495
AF-0000000000001809,P01410
AF-0000000000001810,P01411
AF-0000000000001811,P01408
AF-0000000000001812,P01409
AF-0000000000001813,P17696
AF-0000000000001814,P01407
AF-0000000000001815,P25684
AF-0000000000001816,P01414
AF-0000000000001817,P25683
AF-0000000000001818,P22947
AF-0000000000001819,C0HJT5
AF-0000000000001820,Q9W717
AF-0000000000001821,P83346
AF-0000000000001822,P0C554
AF-0000000000001823,Q9YGI8
AF-0000000000001824,P84716
AF-0000000000001825,P0CAR2
AF-0000000000001826,P25676
AF-0000000000001827,P01415
AF-0000000000001828,P43445
AF-0000000000001829,Q9W727
AF-0000000000001830,Q9DEQ3
AF-0000000000001831,P82464
AF-0000000000001832,P86544
AF-0000000000001833,A8N286
AF-0000000000001834,Q8AY53
AF-0000000000001835,Q9YGI0
AF-0000000000001836,Q8AY52
AF-0000000000001837,Q800Y3
AF-0000000000001838,Q7ZT13
AF-0000000000001839,P79688
AF-0000000000001840,P18329
AF-0000000000001841,P01406
AF-0000000000001842,P01405
AF-0000000000001843,P01404
AF-0000000000001844,Q9PS09
AF-0000000000001845,Q9PUB7
AF-0000000000001846,Q9PRI1
AF-0000000000001847,P19004
AF-0000000000001848,P24778
AF-0000000000001849,P0DUK7
AF-0000000000001850,P01474
AF-0000000000001851,Q8UUK0
AF-0000000000001852,P01473
AF-0000000000001853,P62375
AF-0000000000001854,P49122
AF-0000000000001855,Q91126
AF-0000000000001856,P62390
AF-0000000000001857,P62394
AF-0000000000001858,P0C547
AF-0000000000001859,P14541
AF-0000000000001860,Q91137
AF-0000000000001861,P62377
AF-0000000000001862,Q91996
AF-0000000000001863,Q9W716
AF-0000000000001864,P19003
AF-0000000000001865,P14534
AF-0000000000001866,P0C553
AF-0000000000001867,P0C552
AF-0000000000001868,P01402
AF-0000000000001869,P25678
AF-0000000000001870,P25677
AF-0000000000001871,P0DQH2
AF-0000000000001872,P01413
AF-0000000000001873,P28375
AF-0000000000001874,P81946
AF-0000000000001875,P60237
AF-0000000000001876,P82462
AF-0000000000001877,P0DQQ3
AF-0000000000001878,P82463
AF-0000000000001879,F5CPE6
AF-0000000000001880,A0A2P1BST7
AF-0000000000001881,P0DKR6
AF-0000000000001882,C0HK04
AF-0000000000001883,C6JUP1
AF-0000000000001884,C0HLK5
AF-0000000000001885,B3EWF8
AF-0000000000001886,Q9PRQ2
AF-0000000000001887,P83302
AF-0000000000001888,P0DKS3
AF-0000000000001889,P86421
AF-0000000000001890,K9MCX0
AF-0000000000001891,A0A2P1BSS9
AF-0000000000001892,Q53B50
AF-0000000000001893,C0HJB0
AF-0000000000001894,F5CPE2
AF-0000000000001895,C6JUP3
AF-0000000000001896,A0A2P1BSU3
AF-0000000000001897,Q9PRQ3
AF-0000000000001898,Q2VBN3
AF-0000000000001899,A8HDK2
AF-0000000000001900,F5CPD3
AF-0000000000001901,A0A2P1BSS8
AF-0000000000001902,Q9PRQ4
AF-0000000000001903,F5CPE3
AF-0000000000001904,Q53B47
AF-0000000000001905,A7X4S7
AF-0000000000001906,Q2VBP2
AF-0000000000001907,A7X4T2
AF-0000000000001908,Q53B48
AF-0000000000001909,A0A4P1LYC9
AF-0000000000001910,F5CPE0
AF-0000000000001911,P24742
AF-0000000000001912,U3FAE1
AF-0000000000001913,U3EPL2
AF-0000000000001914,Q2VBP1
AF-0000000000001915,Q2VBP0
AF-0000000000001916,P0DL82
AF-0000000000001917,Q2VBN9
AF-0000000000001918,Q4VRI0
AF-0000000000001919,Q53B52
AF-0000000000001920,P0CAR7
AF-0000000000001921,P86094
AF-0000000000001922,P0DSN0
AF-0000000000001923,D5MP61
AF-0000000000001924,Q9LCB9
AF-0000000000001925,Q8RS40
AF-0000000000001926,P0DJB0
AF-0000000000001927,Q91FC5
AF-0000000000001928,Q91FC1
AF-0000000000001929,Q10M12
AF-0000000000001930,Q6Z4N6
AF-0000000000001931,Q6Z4N4
AF-0000000000001932,Q91FB6
AF-0000000000001933,P40629
AF-0000000000001934,P17212
AF-0000000000001935,Q91FA5
AF-0000000000001936,Q91FA3
AF-0000000000001937,Q91FA2
AF-0000000000001938,Q91F99
AF-0000000000001939,Q91F88
AF-0000000000001940,Q91F87
AF-0000000000001941,Q91F84
AF-0000000000001942,P18305
AF-0000000000001943,Q91F75
AF-0000000000001944,Q91F72
AF-0000000000001945,Q91F69
AF-0000000000001946,Q91F68
AF-0000000000001947,P19617
AF-0000000000001948,Q91F66
AF-0000000000001949,Q91F63
AF-0000000000001950,Q91F58
AF-0000000000001951,P80173
AF-0000000000001952,P01534
AF-0000000000001953,P08380
AF-0000000000001954,Q33DV3
AF-0000000000001955,Q42524
AF-0000000000001956,Q54P77
AF-0000000000001957,A0A2H5AIX5
AF-0000000000001958,P17814
AF-0000000000001959,P14912
AF-0000000000001960,I3PB37
AF-0000000000001961,P31684
AF-0000000000001962,P31686
AF-0000000000001963,O24145
AF-0000000000001964,Q9S725
AF-0000000000001965,Q54P78
AF-0000000000001966,A0A2H5AIY4
AF-0000000000001967,Q42982
AF-0000000000001968,P14913
AF-0000000000001969,P31685
AF-0000000000001970,P31687
AF-0000000000001971,O24146
AF-0000000000001972,Q9S777
AF-0000000000001973,Q54P79
AF-0000000000001974,Q6ETN3
AF-0000000000001975,Q9LU36
AF-0000000000001976,Q67W82
AF-0000000000001977,Q6ZAC1
AF-0000000000001978,Q9LQ12
AF-0000000000001979,Q0DV32
AF-0000000000001980,Q84P25
AF-0000000000001981,Q336M7
AF-0000000000001982,Q3E6Y4
AF-0000000000001983,Q6YYZ2
AF-0000000000001984,P0C5B6
AF-0000000000001985,Q10S72
AF-0000000000001986,Q84P21
AF-0000000000001987,Q7F1X5
AF-0000000000001988,Q84P24
AF-0000000000001989,Q8RU95
AF-0000000000001990,Q9M0X9
AF-0000000000001991,Q69RG7
AF-0000000000001992,Q84P26
AF-0000000000001993,Q8GVF9
AF-0000000000001994,Q84P23
AF-0000000000001995,Q7XXL2
AF-0000000000001996,Q9SMT7
AF-0000000000001997,P41636
AF-0000000000001998,O24540
AF-0000000000001999,Q98TT6
AF-0000000000002000,Q0P5A7
AF-0000000000002001,Q13541
AF-0000000000002002,Q60876
AF-0000000000002003,Q62622
AF-0000000000002004,Q13542
AF-0000000000002005,P70445
AF-0000000000002006,O60516
AF-0000000000002007,Q80VV3
AF-0000000000002008,Q54DU8
AF-0000000000002009,Q9XZ56
AF-0000000000002010,Q8IH18
AF-0000000000002011,Q9NRA8
AF-0000000000002012,Q9EST3
AF-0000000000002013,P08195
AF-0000000000002014,P10852
AF-0000000000002015,Q7YQK3
AF-0000000000002016,Q794F9
AF-0000000000002017,B6VP39
AF-0000000000002018,Q53005
AF-0000000000002019,P38945
AF-0000000000002020,Q59104
AF-0000000000002021,P0DO76
AF-0000000000002022,Q7BI34
AF-0000000000002023,Q04416
AF-0000000000002024,P56653
AF-0000000000002025,A6WW16
AF-0000000000002026,B3D6W2
AF-0000000000002027,B9J8G8
AF-0000000000002028,A6WXX7
AF-0000000000002029,A9AQW9
AF-0000000000002030,B9JHU6
AF-0000000000002031,A3M4A9
AF-0000000000002032,B0VB44
AF-0000000000002033,A9CKB4
AF-0000000000002034,B9JQV3
AF-0000000000002035,D7A0Y3
AF-0000000000002036,B2S7L7
AF-0000000000002037,Q2YLF3
AF-0000000000002038,Q57B94
AF-0000000000002039,A9M832
AF-0000000000002040,Q8YJ29
AF-0000000000002041,A5VSD5
AF-0000000000002042,A9WWR5
AF-0000000000002043,Q8FYS0
AF-0000000000002044,A0AZQ0
AF-0000000000002045,B4EHE6
AF-0000000000002046,Q0B9R9
AF-0000000000002047,Q3JHA9
AF-0000000000002048,C5ZMD2
AF-0000000000002049,Q63NG7
AF-0000000000002050,Q2T3J4
AF-0000000000002051,A3PPJ8
AF-0000000000002052,Q3IWG2
AF-0000000000002053,Q1QU06
AF-0000000000002054,Q7NU77
AF-0000000000002055,A1BBM5
AF-0000000000002056,D5SQS4
AF-0000000000002057,Q9I476
AF-0000000000002058,Q4KGU2
AF-0000000000002059,A5VZY6
AF-0000000000002060,Q88NF3
AF-0000000000002061,Q1QBF3
AF-0000000000002062,Q2KD13
AF-0000000000002063,Q92WS1
AF-0000000000002064,B9R4E3
AF-0000000000002065,A0NXQ7
AF-0000000000002066,Q5LKW3
AF-0000000000002067,A3QFI1
AF-0000000000002068,D2QN44
AF-0000000000002069,D2AV87
AF-0000000000002070,Q8P833
AF-0000000000002071,Q8GWW6
AF-0000000000002072,Q7XB11
AF-0000000000002073,Q7XB10
AF-0000000000002074,Q9LEL5
AF-0000000000002075,Q1PE49
AF-0000000000002076,Q01468
AF-0000000000002077,Q8RQD2
AF-0000000000002078,Q9Z431
AF-0000000000002079,Q93JW0
AF-0000000000002080,P70994
AF-0000000000002081,Q9RHM8
AF-0000000000002082,Q8KRR5
AF-0000000000002083,P49172
AF-0000000000002084,Q9ZI54
AF-0000000000002085,Q988C9
AF-0000000000002086,Q89869
AF-0000000000002087,P0C9V0
AF-0000000000002088,Q65114
AF-0000000000002089,P0C9V1
AF-0000000000002090,P0C9V2
AF-0000000000002091,Q65208
AF-0000000000002092,P0C9V3
AF-0000000000002093,Q65259
AF-0000000000002094,P0C9V4
AF-0000000000002095,P0C9V5
AF-0000000000002096,P0C9S4
AF-0000000000002097,Q65124
AF-0000000000002098,P0C9S5
AF-0000000000002099,P0C9S6
AF-0000000000002100,Q89702
AF-0000000000002101,P0C9S7
AF-0000000000002102,Q65128
AF-0000000000002103,P0C9S8
AF-0000000000002104,P0C9S9
AF-0000000000002105,Q89642
AF-0000000000002106,P0C740
AF-0000000000002107,Q65129
AF-0000000000002108,P0C9T0
AF-0000000000002109,P0C9T1
AF-0000000000002110,Q89768
AF-0000000000002111,P0C9T2
AF-0000000000002112,P0C9T3
AF-0000000000002113,P0C9T4
AF-0000000000002114,P0C9T5
AF-0000000000002115,Q89777
AF-0000000000002116,P0C9T6
AF-0000000000002117,P0C9T7
AF-0000000000002118,P0C9T8
AF-0000000000002119,P0C9T9
AF-0000000000002120,P0C9U0
AF-0000000000002121,P0C9U1
AF-0000000000002122,Q89925
AF-0000000000002123,P0C9U2
AF-0000000000002124,P0C9U3
AF-0000000000002125,P0C9U4
AF-0000000000002126,P0C9U5
AF-0000000000002127,Q89740
AF-0000000000002128,P0C9U6
AF-0000000000002129,P0C9U7
AF-0000000000002130,P0C9U8
AF-0000000000002131,P0C9U9
AF-0000000000002132,P68522
AF-0000000000002133,Q7WQA0
AF-0000000000002134,Q7WC96
AF-0000000000002135,Q7W066
AF-0000000000002136,P59935
AF-0000000000002137,P68523
AF-0000000000002138,Q8KD41
AF-0000000000002139,Q97JQ5
AF-0000000000002140,Q5UQH3
AF-0000000000002141,Q5HHU8
AF-0000000000002142,P66840
AF-0000000000002143,P66841
AF-0000000000002144,Q6GIR7
AF-0000000000002145,Q6GBA5
AF-0000000000002146,Q8NXN2
AF-0000000000002147,Q5HR07
AF-0000000000002148,Q8CTG7
AF-0000000000002149,Q6W049
AF-0000000000002150,Q6PQJ9
AF-0000000000002151,A8ADU7
AF-0000000000002152,A7MH33
AF-0000000000002153,A7ZPA5
AF-0000000000002154,B7UFU9
AF-0000000000002155,B7MG55
AF-0000000000002156,B7LBE5
AF-0000000000002157,Q8XCV3
AF-0000000000002158,B5YXT1
AF-0000000000002159,B7NNX0
AF-0000000000002160,B7MXX0
AF-0000000000002161,B7M5X0
AF-0000000000002162,C4ZVI4
AF-0000000000002163,B1X903
AF-0000000000002164,A8A2G0
AF-0000000000002165,A1ADE0
AF-0000000000002166,Q0TFF5
AF-0000000000002167,Q8FFJ5
AF-0000000000002168,B1IXQ1
AF-0000000000002169,P76491
AF-0000000000002170,B7N5Q3
AF-0000000000002171,B6I7L3
AF-0000000000002172,B1LLP5
AF-0000000000002173,Q1R9C4
AF-0000000000002174,A4WCS0
AF-0000000000002175,B2VIV0
AF-0000000000002176,B5XNU9
AF-0000000000002177,A6TBX7
AF-0000000000002178,Q9CMR5
AF-0000000000002179,Q6D2R1
AF-0000000000002180,C6DA49
AF-0000000000002181,Q7N2I4
AF-0000000000002182,Q6LNX0
AF-0000000000002183,Q8GLH5
AF-0000000000002184,B5EZL4
AF-0000000000002185,A9MJ94
AF-0000000000002186,Q57M23
AF-0000000000002187,B5FPH3
AF-0000000000002188,B5R313
AF-0000000000002189,B5RCF7
AF-0000000000002190,B4TBJ9
AF-0000000000002191,B4SZ04
AF-0000000000002192,Q3V7K9
AF-0000000000002193,A9N4B8
AF-0000000000002194,C0Q034
AF-0000000000002195,B5BCL4
AF-0000000000002196,B4TQ66
AF-0000000000002197,Q8Z524
AF-0000000000002198,Q8ZNE0
AF-0000000000002199,Q8EEA3
AF-0000000000002200,B2TW72
AF-0000000000002201,Q32DP8
AF-0000000000002202,Q0T2J6
AF-0000000000002203,Q83QS4
AF-0000000000002204,Q3YZR9
AF-0000000000002205,B7VHZ1
AF-0000000000002206,Q9KQM0
AF-0000000000002207,Q87R72
AF-0000000000002208,Q8DG35
AF-0000000000002209,Q7MMF9
AF-0000000000002210,A1JLF1
AF-0000000000002211,A7FGQ0
AF-0000000000002212,Q1C6A6
AF-0000000000002213,B2K824
AF-0000000000002214,Q8ZDK3
AF-0000000000002215,A9R6M4
AF-0000000000002216,Q1CHP8
AF-0000000000002217,A4TM39
AF-0000000000002218,Q668Z7
AF-0000000000002219,B1JGL0
AF-0000000000002220,Q63003
AF-0000000000002221,Q84LF1
AF-0000000000002222,Q84LF0
AF-0000000000002223,Q84LF2
AF-0000000000002224,Q84LG0
AF-0000000000002225,O65323
AF-0000000000002226,Q40577
AF-0000000000002227,Q9SRE0
AF-0000000000002228,Q8L539
AF-0000000000002229,P0AC29
AF-0000000000002230,P0AC28
AF-0000000000002231,P44905
AF-0000000000002232,A0R3H2
AF-0000000000002233,Q9ZR27
AF-0000000000002234,Q9ZR26
AF-0000000000002235,B2NID7
AF-0000000000002236,Q9ZR25
AF-0000000000002237,O42385
AF-0000000000002238,O42384
AF-0000000000002239,Q6XXX9
AF-0000000000002240,Q9N297
AF-0000000000002241,Q0EAB6
AF-0000000000002242,P08908
AF-0000000000002243,Q64264
AF-0000000000002244,Q9N298
AF-0000000000002245,Q9N296
AF-0000000000002246,P19327
AF-0000000000002247,Q6XXY0
AF-0000000000002248,Q98998
AF-0000000000002249,P79250
AF-0000000000002250,O08892
AF-0000000000002251,P46636
AF-0000000000002252,P35404
AF-0000000000002253,Q588Y6
AF-0000000000002254,Q9N2B7
AF-0000000000002255,Q0EAB5
AF-0000000000002256,P28222
AF-0000000000002257,P28334
AF-0000000000002258,P60020
AF-0000000000002259,P79399
AF-0000000000002260,P49144
AF-0000000000002261,P28564
AF-0000000000002262,P56496
AF-0000000000002263,Q6XXX8
AF-0000000000002264,P11614
AF-0000000000002265,Q60484
AF-0000000000002266,P28221
AF-0000000000002267,Q61224
AF-0000000000002268,P79400
AF-0000000000002269,P49145
AF-0000000000002270,P28565
AF-0000000000002271,P79748
AF-0000000000002272,Q6VB83
AF-0000000000002273,P28566
AF-0000000000002274,Q9N2B6
AF-0000000000002275,Q29003
AF-0000000000002276,O08890
AF-0000000000002277,P30939
AF-0000000000002278,Q02284
AF-0000000000002279,Q9N2D9
AF-0000000000002280,P30940
AF-0000000000002281,P20905
AF-0000000000002282,Q75Z89
AF-0000000000002283,O46635
AF-0000000000002284,P35382
AF-0000000000002285,P18599
AF-0000000000002286,P28285
AF-0000000000002287,P28223
AF-0000000000002288,P50128
AF-0000000000002289,P35363
AF-0000000000002290,P50129
AF-0000000000002291,Q5R4Q6
AF-0000000000002292,P14842
AF-0000000000002293,P97267
AF-0000000000002294,Q8UUG8
AF-0000000000002295,P28286
AF-0000000000002296,P41595
AF-0000000000002297,Q02152
AF-0000000000002298,Q29005
AF-0000000000002299,P30994
AF-0000000000002300,Q60F97
AF-0000000000002301,P28335
AF-0000000000002302,P34968
AF-0000000000002303,Q5IS66
AF-0000000000002304,P08909
AF-0000000000002305,O70212
AF-0000000000002306,P46098
AF-0000000000002307,P23979
AF-0000000000002308,P35563
AF-0000000000002309,O95264
AF-0000000000002310,Q9JHJ5
AF-0000000000002311,Q9JJ16
AF-0000000000002312,Q8WXA8
AF-0000000000002313,Q70Z44
AF-0000000000002314,A5X5Y0
AF-0000000000002315,O70528
AF-0000000000002316,Q13639
AF-0000000000002317,P97288
AF-0000000000002318,Q29006
AF-0000000000002319,Q62758
AF-0000000000002320,P47898
AF-0000000000002321,P30966
AF-0000000000002322,P35364
AF-0000000000002323,P31387
AF-0000000000002324,P35365
AF-0000000000002325,P50406
AF-0000000000002326,Q9R1C8
AF-0000000000002327,Q5IS65
AF-0000000000002328,P31388
AF-0000000000002329,P50407
AF-0000000000002330,P34969
AF-0000000000002331,P32304
AF-0000000000002332,P32305
AF-0000000000002333,Q91559
AF-0000000000002334,Q16950
AF-0000000000002335,Q16951
AF-0000000000002336,Q17239
AF-0000000000002337,Q25190
AF-0000000000002338,Q25414
AF-0000000000002339,Q8W1W9
AF-0000000000002340,Q6TXD2
AF-0000000000002341,Q9LJB4
AF-0000000000002342,Q9ZUJ5
AF-0000000000002343,Q0CRQ4
AF-0000000000002344,Q0CRQ5
AF-0000000000002345,Q5ZL42
AF-0000000000002346,Q1LUC1
AF-0000000000002347,Q9Y6E2
AF-0000000000002348,Q4R6R4
AF-0000000000002349,Q91VK1
AF-0000000000002350,Q2L4X1
AF-0000000000002351,Q9WTT7
AF-0000000000002352,Q6PD83
AF-0000000000002353,Q803N9
AF-0000000000002354,Q5ZLT7
AF-0000000000002355,Q7L1Q6
AF-0000000000002356,Q9CQC6
AF-0000000000002357,Q5R7L4
AF-0000000000002358,Q6P7P5
AF-0000000000002359,Q8AVM7
AF-0000000000002360,Q6P2Z0
AF-0000000000002361,Q7ZWS2
AF-0000000000002362,Q2TAG6
AF-0000000000002363,Q6J163
AF-0000000000002364,Q9BXI3
AF-0000000000002365,A3KFX0
AF-0000000000002366,Q96P26
AF-0000000000002367,Q91YE9
AF-0000000000002368,Q5ZID6
AF-0000000000002369,Q9H0P0
AF-0000000000002370,Q9D020
AF-0000000000002371,Q5ZKF6
AF-0000000000002372,Q9W197
AF-0000000000002373,Q969T7
AF-0000000000002374,Q3UFY7
AF-0000000000002375,Q6AYP7
AF-0000000000002376,Q09315
AF-0000000000002377,Q7SYN4
AF-0000000000002378,O46411
AF-0000000000002379,Q5ZIZ4
AF-0000000000002380,Q54XC1
AF-0000000000002381,P49902
AF-0000000000002382,Q3V1L4
AF-0000000000002383,Q5RA22
AF-0000000000002384,D3ZMY7
AF-0000000000002385,Q6DKB0
AF-0000000000002386,Q5EBF1
AF-0000000000002387,Q05927
AF-0000000000002388,P29240
AF-0000000000002389,P44569
AF-0000000000002390,P21589
AF-0000000000002391,Q9XZ43
AF-0000000000002392,Q61503
AF-0000000000002393,Q9I767
AF-0000000000002394,P21588
AF-0000000000002395,P52307
AF-0000000000002396,O83142
AF-0000000000002397,Q9KQ30
AF-0000000000002398,P22848
AF-0000000000002399,Q8DFG4
AF-0000000000002400,Q70AC7
AF-0000000000002401,P27091
AF-0000000000002402,Q24735
AF-0000000000002403,P83071
AF-0000000000002404,P15255
AF-0000000000002405,P0A3T0
AF-0000000000002406,P0A3T1
AF-0000000000002407,Q04551
AF-0000000000002408,P25019
AF-0000000000002409,P26690
AF-0000000000002410,Q70XE6
AF-0000000000002411,Q2UXF7
AF-0000000000002412,Q76FP5
AF-0000000000002413,A0A0H3LKL4
AF-0000000000002414,P86491
AF-0000000000002415,Q88FY2
AF-0000000000002416,Q9LEL6
AF-0000000000002417,Q6WUC1
AF-0000000000002418,Q5C9L7
AF-0000000000002419,P40433
AF-0000000000002420,Q12471
AF-0000000000002421,Q9SH69
AF-0000000000002422,Q9LI00
AF-0000000000002423,Q94KU1
AF-0000000000002424,P38720
AF-0000000000002425,Q9FWA3
AF-0000000000002426,Q2R480
AF-0000000000002427,Q94KU2
AF-0000000000002428,P53319
AF-0000000000002429,Q9FFR3
AF-0000000000002430,P37754
AF-0000000000002431,P12013
AF-0000000000002432,G5EBD7
AF-0000000000002433,P70718
AF-0000000000002434,P52207
AF-0000000000002435,P80859
AF-0000000000002436,P57208
AF-0000000000002437,Q9ZHD9
AF-0000000000002438,Q89AX5
AF-0000000000002439,Q17761
AF-0000000000002440,O13287
AF-0000000000002441,P41570
AF-0000000000002442,Q9PKX7
AF-0000000000002443,Q9Z8I3
AF-0000000000002444,O84066
AF-0000000000002445,P41581
AF-0000000000002446,P41583
AF-0000000000002447,P41582
AF-0000000000002448,O60037
AF-0000000000002449,Q8TA03
AF-0000000000002450,P41572
AF-0000000000002451,P41573
AF-0000000000002452,P00350
AF-0000000000002453,C8VP36
AF-0000000000002454,Q7VMX4
AF-0000000000002455,P43774
AF-0000000000002456,D4GST8
AF-0000000000002457,P52209
AF-0000000000002458,P41576
AF-0000000000002459,Q9CHU6
AF-0000000000002460,P96789
AF-0000000000002461,Q9DCD0
AF-0000000000002462,P14332
AF-0000000000002463,P41574
AF-0000000000002464,P41575
AF-0000000000002465,P41577
AF-0000000000002466,P85968
AF-0000000000002467,P14062
AF-0000000000002468,P78812
AF-0000000000002469,P00349
AF-0000000000002470,P41578
AF-0000000000002471,P41579
AF-0000000000002472,P37756
AF-0000000000002473,P41580
AF-0000000000002474,Q5HFR2
AF-0000000000002475,Q931R3
AF-0000000000002476,P63334
AF-0000000000002477,Q6GGI7
AF-0000000000002478,Q6G954
AF-0000000000002479,P63335
AF-0000000000002480,Q5HP42
AF-0000000000002481,Q8CP47
AF-0000000000002482,P21577
AF-0000000000002483,P52208
AF-0000000000002484,O83351
AF-0000000000002485,P31072
AF-0000000000002486,Q9LMX8
AF-0000000000002487,A2XI04
AF-0000000000002488,Q75IV7
AF-0000000000002489,Q8LG70
AF-0000000000002490,A2YNH4
AF-0000000000002491,Q6Z4H0
AF-0000000000002492,Q84WW2
AF-0000000000002493,A2YXS5
AF-0000000000002494,Q6Z9C3
AF-0000000000002495,Q9FIN1
AF-0000000000002496,A2Z3C4
AF-0000000000002497,Q69NG5
AF-0000000000002498,Q8LEV7
AF-0000000000002499,P70715
AF-0000000000002500,D4B0N9
AF-0000000000002501,O34499
AF-0000000000002502,Q7VR81
AF-0000000000002503,Q492W6
AF-0000000000002504,O51240
AF-0000000000002505,Q2TBQ8
AF-0000000000002506,B8D985
AF-0000000000002507,P57380
AF-0000000000002508,Q8K9N9
AF-0000000000002509,B8D7I7
AF-0000000000002510,Q89AK3
AF-0000000000002511,O18229
AF-0000000000002512,Q9A6N1
AF-0000000000002513,Q9PKK7
AF-0000000000002514,Q9Z8U5
AF-0000000000002515,O84189
AF-0000000000002516,A8AJ27
AF-0000000000002517,A7MIZ2
AF-0000000000002518,Q54CJ3
AF-0000000000002519,Q9VZ64
AF-0000000000002520,A7ZJE2
AF-0000000000002521,B7ULP0
AF-0000000000002522,B7MGM4
AF-0000000000002523,B7LB75
AF-0000000000002524,Q8X926
AF-0000000000002525,B5YRG5
AF-0000000000002526,B7NNI9
AF-0000000000002527,B7MPQ2
AF-0000000000002528,B7M6D0
AF-0000000000002529,C4ZXT8
AF-0000000000002530,B1X797
AF-0000000000002531,A7ZY23
AF-0000000000002532,A1A909
AF-0000000000002533,Q0TJT3
AF-0000000000002534,Q8FJR2
AF-0000000000002535,B1IXL9
AF-0000000000002536,P52697
AF-0000000000002537,B7NA10
AF-0000000000002538,B6I7S1
AF-0000000000002539,B1LM58
AF-0000000000002540,Q1REG3
AF-0000000000002541,A4W8A9
AF-0000000000002542,B2VBU3
AF-0000000000002543,B7LJZ2
AF-0000000000002544,Q57039
AF-0000000000002545,Q9ZKB1
AF-0000000000002546,O25730
AF-0000000000002547,O95336
AF-0000000000002548,B5XZA0
AF-0000000000002549,A6T6J6
AF-0000000000002550,Q9CQ60
AF-0000000000002551,P63339
AF-0000000000002552,Q49700
AF-0000000000002553,P9WQP4
AF-0000000000002554,P9WQP5
AF-0000000000002555,P63336
AF-0000000000002556,P63337
AF-0000000000002557,P46016
AF-0000000000002558,Q6D7C2
AF-0000000000002559,C6DCH7
AF-0000000000002560,Q7N6R1
AF-0000000000002561,Q9X2N2
AF-0000000000002562,Q9EV79
AF-0000000000002563,P85971
AF-0000000000002564,Q989A3
AF-0000000000002565,Q9Z3S1
AF-0000000000002566,B5F063
AF-0000000000002567,A9MJH1
AF-0000000000002568,Q57RH2
AF-0000000000002569,B5FP52
AF-0000000000002570,B5QX56
AF-0000000000002571,B5R752
AF-0000000000002572,B4TC39
AF-0000000000002573,B4SZI8
AF-0000000000002574,Q5PG56
AF-0000000000002575,A9MTJ8
AF-0000000000002576,C0PWX3
AF-0000000000002577,B5BC39
AF-0000000000002578,B4TQT0
AF-0000000000002579,Q8Z8A2
AF-0000000000002580,Q8ZQR4
AF-0000000000002581,O74455
AF-0000000000002582,A8GBC1
AF-0000000000002583,B2TVG3
AF-0000000000002584,Q324C4
AF-0000000000002585,Q32EZ9
AF-0000000000002586,Q0T6J2
AF-0000000000002587,Q83LP7
AF-0000000000002588,Q3Z422
AF-0000000000002589,Q2NUK0
AF-0000000000002590,Q9XAB7
AF-0000000000002591,P74618
AF-0000000000002592,Q9X0N8
AF-0000000000002593,O83490
AF-0000000000002594,Q9RMP7
AF-0000000000002595,Q9PEG5
AF-0000000000002596,Q87EG7
AF-0000000000002597,A1JS71
AF-0000000000002598,A7FKN1
AF-0000000000002599,Q1C949
AF-0000000000002600,B2K8S8
AF-0000000000002601,Q8ZGX4
AF-0000000000002602,Q1CFQ1
AF-0000000000002603,A4TNQ8
AF-0000000000002604,Q66D69
AF-0000000000002605,B1JSS6
AF-0000000000002606,A0A096SRM5
AF-0000000000002607,A0A0A1HA03
AF-0000000000002608,A0A0A1H7N4
AF-0000000000002609,I1L3T1
AF-0000000000002610,A0A224AM54
AF-0000000000002611,A0A224AKZ9
AF-0000000000002612,A0A517FNC4
AF-0000000000002613,A0A517FNC9
AF-0000000000002614,K4GKX2
AF-0000000000002615,K4GGT4
AF-0000000000002616,K4GIP0
AF-0000000000002617,K4GHS2
AF-0000000000002618,A0A2R4LMF9
AF-0000000000002619,K4GMD6
AF-0000000000002620,K7NBW3
AF-0000000000002621,P0DJY9
AF-0000000000002622,A7MAS5
AF-0000000000002623,Q59E04
AF-0000000000002624,P05408
AF-0000000000002625,P12961
AF-0000000000002626,A5A6J6
AF-0000000000002627,P01165
AF-0000000000002628,P27682
AF-0000000000002629,P18844
AF-0000000000002630,A8CF74
AF-0000000000002631,U5NH37
AF-0000000000002632,U5NE19
AF-0000000000002633,Q4WYG3
AF-0000000000002634,P13368
AF-0000000000002635,P20806
AF-0000000000002636,O22308
AF-0000000000002637,O24529
AF-0000000000002638,O22309
AF-0000000000002639,Q6WUC2
AF-0000000000002640,P13917
AF-0000000000002641,Q8RVH5
AF-0000000000002642,Q54N73
AF-0000000000002643,Q54U65
AF-0000000000002644,P16375
AF-0000000000002645,P16376
AF-0000000000002646,A0A517FND1
AF-0000000000002647,P18269
AF-0000000000002648,P18270
AF-0000000000002649,P18271
AF-0000000000002650,B2XBQ5
AF-0000000000002651,B3RFJ6
AF-0000000000002652,B3TKC8
AF-0000000000002653,D3UAG5
AF-0000000000002654,P83073
AF-0000000000002655,W8JWV8
AF-0000000000002656,F1P963
AF-0000000000002657,Q7ZWC3
AF-0000000000002658,P36639
AF-0000000000002659,P53368
AF-0000000000002660,P53369
AF-0000000000002661,P83062
AF-0000000000002662,A0A517FNC7
AF-0000000000002663,A0A517FND0
AF-0000000000002664,P0DO05
AF-0000000000002665,P0DO06
AF-0000000000002666,Q5MR23
AF-0000000000002667,D4AV98
AF-0000000000002668,D4AWM9
AF-0000000000002669,D4AXK7
AF-0000000000002670,P20194
AF-0000000000002671,P13492
AF-0000000000002672,P33079
AF-0000000000002673,D4AY62
AF-0000000000002674,P40691
AF-0000000000002675,Q9J558
AF-0000000000002676,P0DUU4
AF-0000000000002677,P20195
AF-0000000000002678,D4AYS6
AF-0000000000002679,Q6NRD0
AF-0000000000002680,Q7ZYD9
AF-0000000000002681,Q9J555
AF-0000000000002682,P0DKL9
AF-0000000000002683,Q3UKZ7
AF-0000000000002684,Q9J554
AF-0000000000002685,P20196
AF-0000000000002686,Q9J553
AF-0000000000002687,A6QR56
AF-0000000000002688,Q8IZ83
AF-0000000000002689,Q571I9
AF-0000000000002690,Q3T1L0
AF-0000000000002691,Q19124
AF-0000000000002692,Q676U5
AF-0000000000002693,Q8C0J2
AF-0000000000002694,Q5RAC9
AF-0000000000002695,Q09406
AF-0000000000002696,Q8NAA4
AF-0000000000002697,Q6KAU8
AF-0000000000002698,Q93118
AF-0000000000002699,Q9J552
AF-0000000000002700,Q6RZG6
AF-0000000000002701,O93122
AF-0000000000002702,Q77TI4
AF-0000000000002703,D4AZY1
AF-0000000000002704,Q9J551
AF-0000000000002705,D4B093
AF-0000000000002706,Q8V2N7
AF-0000000000002707,Q8QQ34
AF-0000000000002708,Q8QMT5
AF-0000000000002709,Q80DV6
AF-0000000000002710,Q8JL96
AF-0000000000002711,Q9J550
AF-0000000000002712,Q9Q8J2
AF-0000000000002713,Q6RZG4
AF-0000000000002714,Q9Q8X0
AF-0000000000002715,O57227
AF-0000000000002716,Q9JF82
AF-0000000000002717,Q9DHK3
AF-0000000000002718,Q6TUQ9
AF-0000000000002719,Q9J549
AF-0000000000002720,Q6AZW2
AF-0000000000002721,Q568L5
AF-0000000000002722,P22324
AF-0000000000002723,P23035
AF-0000000000002724,P02763
AF-0000000000002725,Q60590
AF-0000000000002726,P21350
AF-0000000000002727,P19652
AF-0000000000002728,P07361
AF-0000000000002729,Q63805
AF-0000000000002730,P21352
AF-0000000000002731,Q3SZR3
AF-0000000000002732,P25227
AF-0000000000002733,P02764
AF-0000000000002734,P22325
AF-0000000000002735,P38028
AF-0000000000002736,P07758
AF-0000000000002737,P38029
AF-0000000000002738,P22599
AF-0000000000002739,P38030
AF-0000000000002740,Q00896
AF-0000000000002741,P38031
AF-0000000000002742,Q00897
AF-0000000000002743,Q00898
AF-0000000000002744,Q9DCQ7
AF-0000000000002745,P20848
AF-0000000000002746,P22922
AF-0000000000002747,P34955
AF-0000000000002748,O54763
AF-0000000000002749,P38026
AF-0000000000002750,O00394
AF-0000000000002751,P32759
AF-0000000000002752,Q03044
AF-0000000000002753,P01009
AF-0000000000002754,Q64118
AF-0000000000002755,P97277
AF-0000000000002756,P26595
AF-0000000000002757,Q63969
AF-0000000000002758,P38027
AF-0000000000002759,P01010
AF-0000000000002760,P50447
AF-0000000000002761,Q5RCW5
AF-0000000000002762,P17475
AF-0000000000002763,P12725
AF-0000000000002764,Q2KJF1
AF-0000000000002765,P39090
AF-0000000000002766,P39091
AF-0000000000002767,P04217
AF-0000000000002768,Q19LI2
AF-0000000000002769,P39092
AF-0000000000002770,P85980
AF-0000000000002771,Q9EPH1
AF-0000000000002772,Q9NQ94
AF-0000000000002773,Q5YD48
AF-0000000000002774,Q5R9H4
AF-0000000000002775,Q923K9
AF-0000000000002776,C0JAT4
AF-0000000000002777,P0CE78
AF-0000000000002778,C0JAT9
AF-0000000000002779,C0JAT5
AF-0000000000002780,P0CE79
AF-0000000000002781,C0JAU1
AF-0000000000002782,C0JAT6
AF-0000000000002783,C0JAU2
AF-0000000000002784,C0JAT8
AF-0000000000002785,P0CE80
AF-0000000000002786,P0CE81
AF-0000000000002787,P0CE82
AF-0000000000002788,Q4VDB5
AF-0000000000002789,Q56JA9
AF-0000000000002790,C0JAS6
AF-0000000000002791,C0JAS7
AF-0000000000002792,C0JAS8
AF-0000000000002793,P14046
AF-0000000000002794,C0JAT3
AF-0000000000002795,C0JAQ5
AF-0000000000002796,P0CE83
AF-0000000000002797,C0JAQ8
AF-0000000000002798,P0CE84
AF-0000000000002799,C0JAQ9
AF-0000000000002800,B2KKV8
AF-0000000000002801,C0JAR0
AF-0000000000002802,C0JAR2
AF-0000000000002803,C0JAR3
AF-0000000000002804,C0JAR7
AF-0000000000002805,C0JAR8
AF-0000000000002806,C0JAR9
AF-0000000000002807,B2KKV6
AF-0000000000002808,C0JAS0
AF-0000000000002809,B2KKV7
AF-0000000000002810,C0JAS1
AF-0000000000002811,C0JAS2
AF-0000000000002812,C0JAS3
AF-0000000000002813,C0JAS4
AF-0000000000002814,C0JAV3
AF-0000000000002815,Q4ZFU1
AF-0000000000002816,C0JAW6
AF-0000000000002817,C0JAY1
AF-0000000000002818,C0JAV4
AF-0000000000002819,C0JAV0
AF-0000000000002820,C0JAW7
AF-0000000000002821,C0JAY4
AF-0000000000002822,C0JAV5
AF-0000000000002823,C0JAV1
AF-0000000000002824,C0JAW8
AF-0000000000002825,C0JAY5
AF-0000000000002826,C0JAV6
AF-0000000000002827,C0JAV2
AF-0000000000002828,C0JAW9
AF-0000000000002829,C0JAY8
AF-0000000000002830,C0JAX0
AF-0000000000002831,C0JAY9
AF-0000000000002832,C0JAX1
AF-0000000000002833,C0JAZ0
AF-0000000000002834,Q5YD77
AF-0000000000002835,C0JAV8
AF-0000000000002836,C0JAW4
AF-0000000000002837,C0JAY2
AF-0000000000002838,C0JAV9
AF-0000000000002839,C0JAW5
AF-0000000000002840,C0JAY3
AF-0000000000002841,C0JAW2
AF-0000000000002842,C0JAW0
AF-0000000000002843,P0C2K0
AF-0000000000002844,C0JAV7
AF-0000000000002845,C0JAW3
AF-0000000000002846,Q5YD75
AF-0000000000002847,C0JAU7
AF-0000000000002848,C0JAU8
AF-0000000000002849,C0JAU9
AF-0000000000002850,Q7Z1Y7
AF-0000000000002851,Q4ZFU2
AF-0000000000002852,C0JAU4
AF-0000000000002853,C0JAU6
AF-0000000000002854,C0JAU3
AF-0000000000002855,C0JAU5
AF-0000000000002856,C0JAX3
AF-0000000000002857,C0JAX4
AF-0000000000002858,C0JAX5
AF-0000000000002859,C0JAX7
AF-0000000000002860,C0JAX9
AF-0000000000002861,C0JAY0
AF-0000000000002862,C0JAX2
AF-0000000000002863,Q63041
AF-0000000000002864,C0JAZ1
AF-0000000000002865,C0JAZ2
AF-0000000000002866,C0JAZ3
AF-0000000000002867,C0JB03
AF-0000000000002868,C0JAZ4
AF-0000000000002869,C0JAZ5
AF-0000000000002870,C0JAZ6
AF-0000000000002871,C0JAZ7
AF-0000000000002872,C0JAZ8
AF-0000000000002873,C0JB00
AF-0000000000002874,C0JB01
AF-0000000000002875,C0JB02
AF-0000000000002876,C0JAZ9
AF-0000000000002877,K9USW8
AF-0000000000002878,C0JB04
AF-0000000000002879,Q7Z1N0
AF-0000000000002880,P0C2K2
AF-0000000000002881,P0C2L0
AF-0000000000002882,Q7M485
AF-0000000000002883,P69502
AF-0000000000002884,O64307
AF-0000000000002885,Q8LTE1
AF-0000000000002886,P09677
AF-0000000000002887,Q6QGT3
AF-0000000000002888,Q8NF67
AF-0000000000002889,Q5TYW2
AF-0000000000002890,Q5SQ80
AF-0000000000002891,Q5VUR7
AF-0000000000002892,Q4UJ75
AF-0000000000002893,A0PJZ0
AF-0000000000002894,P68709
AF-0000000000002895,Q9J548
AF-0000000000002896,C0JB07
AF-0000000000002897,C0JB08
AF-0000000000002898,Q1W695
AF-0000000000002899,C0JB05
AF-0000000000002900,C0JB06
AF-0000000000002901,P68711
AF-0000000000002902,B2KKW0
AF-0000000000002903,D4B1P2
AF-0000000000002904,D4B1Y1
AF-0000000000002905,D4B1Z7
AF-0000000000002906,Q96IX9
AF-0000000000002907,P21114
AF-0000000000002908,P29816
AF-0000000000002909,Q9J541
AF-0000000000002910,Q8JTR0
AF-0000000000002911,Q98300
AF-0000000000002912,P68548
AF-0000000000002913,P68549
AF-0000000000002914,Q9Q8W2
AF-0000000000002915,P16718
AF-0000000000002916,Q9DHJ5
AF-0000000000002917,P60672
AF-0000000000002918,P20197
AF-0000000000002919,D4B3C8
AF-0000000000002920,O46197
AF-0000000000002921,Q9U968
AF-0000000000002922,P28800
AF-0000000000002923,P08697
AF-0000000000002924,Q61247
AF-0000000000002925,P83168
AF-0000000000002926,B2Z3V8
AF-0000000000002927,P02750
AF-0000000000002928,Q9RYL9
AF-0000000000002929,Q8XE35
AF-0000000000002930,P76464
AF-0000000000002931,Q8YM40
AF-0000000000002932,Q9HVT2
AF-0000000000002933,Q8ZDJ2
AF-0000000000002934,Q7SIH1
AF-0000000000002935,P76578
AF-0000000000002936,P01023
AF-0000000000002937,Q6GQT1
AF-0000000000002938,Q9CMZ1
AF-0000000000002939,Q5R4N8
AF-0000000000002940,Q8XV02
AF-0000000000002941,P06238
AF-0000000000002942,Q92HD6
AF-0000000000002943,Q9X079
AF-0000000000002944,Q9PDX7
AF-0000000000002945,Q87E11
AF-0000000000002946,A8K2U0
AF-0000000000002947,P20737
AF-0000000000002948,P30800
AF-0000000000002949,P20738
AF-0000000000002950,P19348
AF-0000000000002951,P23541
AF-0000000000002952,D4B3I5
AF-0000000000002953,P0CK19
AF-0000000000002954,A7E2S9
AF-0000000000002955,Q9J539
AF-0000000000002956,D4B3R7
AF-0000000000002957,Q8I914
AF-0000000000002958,C0JB10
AF-0000000000002959,Q1KY80
AF-0000000000002960,C0JB11
AF-0000000000002961,C0JB09
AF-0000000000002962,E5D3Z8
AF-0000000000002963,E5D3Z9
AF-0000000000002964,O46203
AF-0000000000002965,Q1KY79
AF-0000000000002966,Q8I913
AF-0000000000002967,C0JB12
AF-0000000000002968,C0JB13
AF-0000000000002969,O46227
AF-0000000000002970,Q02084
AF-0000000000002971,Q89485
AF-0000000000002972,D4B5D3
AF-0000000000002973,Q9V3R1
AF-0000000000002974,Q80HU3
AF-0000000000002975,Q89183
AF-0000000000002976,O96570
AF-0000000000002977,P18487
AF-0000000000002978,O96566
AF-0000000000002979,Q76QZ9
AF-0000000000002980,Q572D3
AF-0000000000002981,D0NPN8
AF-0000000000002982,E2DWQ7
AF-0000000000002983,U3KPV4
AF-0000000000002984,Q3V1N9
AF-0000000000002985,A0A4Z3
AF-0000000000002986,P0C2L1
AF-0000000000002987,P21063
AF-0000000000002988,P24765
AF-0000000000002989,Q89186
AF-0000000000002990,C0JB18
AF-0000000000002991,C0JB14
AF-0000000000002992,C0JB23
AF-0000000000002993,C0JB19
AF-0000000000002994,C0JB15
AF-0000000000002995,C0JB24
AF-0000000000002996,C0JB20
AF-0000000000002997,C0JB16
AF-0000000000002998,D4AIS9
AF-0000000000002999,C0JB22
AF-0000000000003000,C0JB21
AF-0000000000003001,C0JB25
AF-0000000000003002,C0JB26
AF-0000000000003003,C0JB27
