model_entity_id,entity_id,chain_id,uniprot_ac,is_fragment,is_isoform,entity_type,sequence_start,sequence_end,average_plddt,fraction_plddt_very_low,fraction_plddt_low,fraction_plddt_confident,fraction_plddt_very_high
AF-0000000000001200,1,A,Q9TVL3,false,false,protein,,,81.24,0.074,0.112,0.361,0.453
AF-0000000000001201,1,A,O00400,false,false,protein,,,78.65,0.082,0.147,0.401,0.370
AF-0000000000001201,1,B,O00400,false,false,protein,,,79.58,0.070,0.138,0.407,0.385
AF-0000000000001202,1,A,Q6GZX4,false,false,protein,,,88.92,0.019,0.045,0.296,0.640
AF-0000000000001202,1,B,Q6GZX4,false,false,protein,,,87.43,0.021,0.041,0.308,0.630
AF-0000000000001202,1,C,Q6GZX4,true,false,protein,50,100,71.08,0.108,0.247,0.423,0.222
AF-0000000000001203,1,A,Q6GZX4,false,false,protein,,,86.12,0.031,0.075,0.333,0.561
AF-0000000000001203,2,B,O64637,false,false,protein,,,81.47,0.059,0.121,0.374,0.446
AF-0000000000001203,3,C,Q6GZX3,false,false,protein,,,83.36,0.052,0.113,0.366,0.469
AF-0000000000001203,4,D,Q197F8,false,false,protein,,,78.02,0.090,0.182,0.417,0.311
